episode,score,epsilon
1,-2786.5,0.995
2,-1206.0,0.990025
3,-1974.0,0.985074875
4,-1846.5,0.9801495006250001
5,-1719.5,0.9752487531218751
6,-1587.5,0.9703725093562657
7,-1954.0,0.9655206468094844
8,-1359.0,0.960693043575437
9,-3241.5,0.9558895783575597
10,-2736.0,0.9511101304657719
11,-1029.5,0.946354579813443
12,-3215.5,0.9416228069143757
13,-2974.5,0.9369146928798039
14,-1879.0,0.9322301194154049
15,-1072.0,0.9275689688183278
16,-1586.0,0.9229311239742362
17,-665.0,0.918316468354365
18,-1841.0,0.9137248860125932
19,-2022.0,0.9091562615825302
20,-1513.0,0.9046104802746175
21,-347.5,0.9000874278732445
22,-1078.5,0.8955869907338783
23,-780.0,0.8911090557802088
24,-1551.5,0.8866535105013078
25,-472.0,0.8822202429488013
26,-2143.0,0.8778091417340573
27,-1336.0,0.8734200960253871
28,-1652.5,0.8690529955452602
29,-1352.5,0.8647077305675338
30,-1031.5,0.8603841919146962
31,-1016.5,0.8560822709551227
32,-751.0,0.851801859600347
33,-1127.0,0.8475428503023453
34,-971.5,0.8433051360508336
35,-1579.0,0.8390886103705794
36,-774.5,0.8348931673187264
37,-963.0,0.8307187014821328
38,-671.0,0.8265651079747222
39,-1330.5,0.8224322824348486
40,-750.0,0.8183201210226743
41,-754.5,0.8142285204175609
42,-600.5,0.810157377815473
43,-728.0,0.8061065909263957
44,-1280.0,0.8020760579717637
45,-1000.5,0.798065677681905
46,-1109.0,0.7940753492934954
47,-837.5,0.7901049725470279
48,-1067.5,0.7861544476842928
49,-401.5,0.7822236754458713
50,-608.0,0.778312557068642
51,-896.5,0.7744209942832988
52,-925.5,0.7705488893118823
53,-992.5,0.7666961448653229
54,-1494.5,0.7628626641409962
55,-598.0,0.7590483508202912
56,-294.0,0.7552531090661897
57,-534.5,0.7514768435208588
58,-119.0,0.7477194593032545
59,-1248.5,0.7439808620067382
60,-908.5,0.7402609576967045
61,-1240.5,0.736559652908221
62,-1009.0,0.7328768546436799
63,-1040.5,0.7292124703704616
64,-636.5,0.7255664080186093
65,-1102.5,0.7219385759785162
66,-707.5,0.7183288830986236
67,-715.5,0.7147372386831305
68,-1167.5,0.7111635524897149
69,-396.5,0.7076077347272662
70,-515.0,0.7040696960536299
71,-972.0,0.7005493475733617
72,-678.5,0.697046600835495
73,-439.0,0.6935613678313175
74,-936.5,0.6900935609921609
75,-635.0,0.6866430931872001
76,-755.0,0.6832098777212641
77,-1250.0,0.6797938283326578
78,-414.5,0.6763948591909945
79,-992.5,0.6730128848950395
80,-772.0,0.6696478204705644
81,-669.0,0.6662995813682115
82,-856.5,0.6629680834613705
83,-579.0,0.6596532430440636
84,-577.0,0.6563549768288433
85,-522.5,0.653073201944699
86,-833.5,0.6498078359349755
87,-686.0,0.6465587967553006
88,-919.5,0.6433260027715241
89,-1015.0,0.6401093727576664
90,-744.5,0.6369088258938781
91,-737.0,0.6337242817644086
92,-555.5,0.6305556603555866
93,-763.0,0.6274028820538087
94,-623.0,0.6242658676435396
95,-761.0,0.6211445383053219
96,-599.5,0.6180388156137953
97,-1276.5,0.6149486215357263
98,-901.5,0.6118738784280476
99,-482.5,0.6088145090359074
100,-593.5,0.6057704364907278
101,-916.5,0.6027415843082742
102,-549.5,0.5997278763867329
103,-588.0,0.5967292370047992
104,-945.5,0.5937455908197752
105,-1022.0,0.5907768628656763
106,-392.5,0.5878229785513479
107,-984.5,0.5848838636585911
108,-702.5,0.5819594443402982
109,-829.5,0.5790496471185967
110,-355.0,0.5761543988830038
111,-615.5,0.5732736268885887
112,-1247.0,0.5704072587541458
113,-433.0,0.567555222460375
114,-996.5,0.5647174463480732
115,-1210.5,0.5618938591163328
116,-759.0,0.5590843898207511
117,-908.5,0.5562889678716474
118,-333.5,0.5535075230322891
119,-952.0,0.5507399854171277
120,-869.5,0.547986285490042
121,-557.0,0.5452463540625918
122,-1338.5,0.5425201222922789
123,-689.5,0.5398075216808175
124,-916.5,0.5371084840724134
125,-704.0,0.5344229416520513
126,-600.0,0.531750826943791
127,-358.5,0.5290920728090721
128,-802.0,0.5264466124450268
129,-379.5,0.5238143793828016
130,-556.0,0.5211953074858876
131,-359.5,0.5185893309484582
132,-390.0,0.5159963842937159
133,-569.5,0.5134164023722473
134,-730.0,0.510849320360386
135,-635.0,0.5082950737585841
136,-1378.0,0.5057535983897912
137,-706.0,0.5032248303978422
138,-516.5,0.500708706245853
139,-1118.0,0.4982051627146237
140,-562.0,0.49571413690105054
141,-624.0,0.4932355662165453
142,-1485.5,0.4907693883854626
143,-666.5,0.4883155414435353
144,-498.0,0.4858739637363176
145,-748.0,0.483444593917636
146,-838.0,0.4810273709480478
147,-897.5,0.47862223409330756
148,-634.0,0.47622912292284103
149,-759.0,0.4738479773082268
150,-444.0,0.47147873742168567
151,-512.0,0.46912134373457726
152,-329.5,0.46677573701590436
153,-412.0,0.46444185833082485
154,-584.5,0.46211964903917074
155,-945.5,0.4598090507939749
156,-671.5,0.457510005540005
157,-505.0,0.45522245551230495
158,-1077.5,0.4529463432347434
159,-844.0,0.4506816115185697
160,-727.5,0.4484282034609769
161,-709.5,0.446186062443672
162,-693.5,0.4439551321314536
163,-415.5,0.4417353564707963
164,-711.0,0.43952667968844233
165,-1149.5,0.43732904629000013
166,-1062.5,0.4351424010585501
167,-664.0,0.43296668905325736
168,-576.0,0.43080185560799106
169,-638.5,0.4286478463299511
170,-909.5,0.42650460709830135
171,-1211.5,0.42437208406280985
172,-580.5,0.4222502236424958
173,-879.5,0.42013897252428334
174,-779.0,0.4180382776616619
175,-547.0,0.4159480862733536
176,-1226.0,0.41386834584198684
177,-733.5,0.4117990041127769
178,-696.5,0.40974000909221303
179,-331.0,0.40769130904675194
180,-880.5,0.40565285250151817
181,-1036.0,0.4036245882390106
182,-579.5,0.4016064652978155
183,-660.5,0.3995984329713264
184,-922.0,0.3976004408064698
185,-762.0,0.39561243860243744
186,-569.5,0.3936343764094253
187,-854.5,0.39166620452737816
188,-715.5,0.3897078735047413
189,-583.0,0.3877593341372176
190,-456.5,0.3858205374665315
191,-497.0,0.38389143477919885
192,-504.0,0.3819719776053028
193,-483.0,0.3800621177172763
194,-723.5,0.37816180712868996
195,-1167.5,0.37627099809304654
196,-772.5,0.3743896431025813
197,-517.5,0.37251769488706843
198,-1115.5,0.3706551064126331
199,-770.5,0.36880183088056995
200,-594.0,0.3669578217261671
201,-456.0,0.36512303261753626
202,-888.5,0.3632974174544486
203,-423.0,0.3614809303671764
204,-586.5,0.3596735257153405
205,-839.0,0.3578751580867638
206,-458.5,0.35608578229633
207,-828.5,0.3543053533848483
208,-305.0,0.35253382661792404
209,-515.0,0.3507711574848344
210,-726.5,0.34901730169741024
211,-1053.5,0.3472722151889232
212,-728.5,0.3455358541129786
213,-878.0,0.3438081748424137
214,-679.0,0.3420891339682016
215,-750.0,0.3403786882983606
216,-747.0,0.3386767948568688
217,-741.5,0.33698341088258443
218,-969.5,0.3352984938281715
219,-524.5,0.33362200135903064
220,-596.0,0.33195389135223546
221,-678.5,0.3302941218954743
222,-575.5,0.32864265128599696
223,-598.5,0.326999438029567
224,-688.5,0.3253644408394192
225,-1246.5,0.3237376186352221
226,-751.0,0.322118930542046
227,-910.5,0.32050833588933575
228,-520.0,0.31890579420988907
229,-1109.0,0.3173112652388396
230,-1018.5,0.3157247089126454
231,-940.0,0.3141460853680822
232,-1020.0,0.3125753549412418
233,-1078.5,0.31101247816653554
234,-1200.0,0.30945741577570285
235,-804.0,0.3079101286968243
236,-212.5,0.3063705780533402
237,-853.0,0.30483872516307353
238,-989.0,0.3033145315372582
239,-644.0,0.3017979588795719
240,-1038.5,0.30028896908517405
241,-739.5,0.2987875242397482
242,-693.5,0.29729358661854943
243,-849.5,0.29580711868545667
244,-1057.0,0.2943280830920294
245,-681.5,0.29285644267656924
246,-638.5,0.2913921604631864
247,-781.0,0.28993519966087045
248,-757.0,0.2884855236625661
249,-474.5,0.28704309604425327
250,-895.0,0.285607880564032
251,-807.0,0.28417984116121187
252,-966.5,0.2827589419554058
253,-628.0,0.28134514724562876
254,-581.0,0.2799384215094006
255,-1126.5,0.27853872940185365
256,-822.0,0.27714603575484437
257,-786.0,0.2757603055760701
258,-637.5,0.2743815040481898
259,-954.0,0.2730095965279488
260,-683.0,0.27164454854530906
261,-554.5,0.2702863258025825
262,-566.5,0.2689348941735696
263,-850.0,0.26759021970270175
264,-901.0,0.2662522686041882
265,-642.0,0.2649210072611673
266,-628.0,0.26359640222486147
267,-879.0,0.26227842021373715
268,-387.0,0.2609670281126685
269,-478.5,0.25966219297210513
270,-832.0,0.2583638820072446
271,-654.5,0.2570720625972084
272,-685.5,0.25578670228422234
273,-651.0,0.25450776877280124
274,-1179.5,0.2532352299289372
275,-1008.5,0.2519690537792925
276,-681.0,0.2507092085103961
277,-598.0,0.2494556624678441
278,-707.5,0.24820838415550486
279,-789.0,0.24696734223472733
280,-479.5,0.2457325055235537
281,-729.5,0.24450384299593592
282,-759.5,0.24328132378095624
283,-675.5,0.24206491716205145
284,-1194.0,0.2408545925762412
285,-570.5,0.23965031961336
286,-692.0,0.2384520680152932
287,-741.5,0.23725980767521673
288,-756.0,0.23607350863684065
289,-639.5,0.23489314109365644
290,-832.5,0.23371867538818816
291,-845.5,0.23255008201124722
292,-849.0,0.231387331601191
293,-687.5,0.23023039494318503
294,-910.5,0.2290792429684691
295,-916.0,0.22793384675362674
296,-1504.0,0.22679417751985861
297,-947.5,0.22566020663225933
298,-598.5,0.22453190559909803
299,-986.0,0.22340924607110255
300,-962.5,0.22229219984074702
301,-984.0,0.2211807388415433
302,-864.5,0.22007483514733558
303,-693.0,0.2189744609715989
304,-908.0,0.2178795886667409
305,-1064.5,0.2167901907234072
306,-907.0,0.21570623976979014
307,-740.5,0.21462770857094118
308,-735.0,0.21355457002808648
309,-930.0,0.21248679717794605
310,-726.0,0.21142436319205632
311,-705.5,0.21036724137609603
312,-849.5,0.20931540516921554
313,-970.5,0.20826882814336947
314,-762.0,0.20722748400265262
315,-967.5,0.20619134658263935
316,-981.5,0.20516038984972615
317,-677.0,0.2041345879004775
318,-649.0,0.2031139149609751
319,-1015.5,0.20209834538617025
320,-971.5,0.2010878536592394
321,-983.5,0.2000824143909432
322,-864.0,0.19908200231898848
323,-794.0,0.19808659230739353
324,-709.5,0.19709615934585656
325,-1066.5,0.19611067854912728
326,-1090.5,0.19513012515638165
327,-793.5,0.19415447453059972
328,-883.5,0.19318370215794672
329,-710.0,0.192217783647157
330,-907.0,0.1912566947289212
331,-875.5,0.1903004112552766
332,-678.0,0.18934890919900021
333,-744.0,0.18840216465300522
334,-922.5,0.18746015382974018
335,-624.0,0.1865228530605915
336,-973.0,0.18559023879528855
337,-826.0,0.1846622876013121
338,-782.5,0.18373897616330553
339,-686.0,0.182820281282489
340,-772.5,0.18190617987607657
341,-670.5,0.18099664897669618
342,-613.0,0.1800916657318127
343,-938.0,0.17919120740315364
344,-532.0,0.17829525136613786
345,-645.5,0.17740377510930716
346,-988.0,0.17651675623376062
347,-793.5,0.1756341724525918
348,-690.5,0.17475600159032884
349,-869.5,0.17388222158237718
350,-896.0,0.1730128104744653
351,-796.0,0.17214774642209296
352,-754.5,0.1712870076899825
353,-750.0,0.17043057265153258
354,-1121.0,0.16957841978827493
355,-676.5,0.16873052768933355
356,-715.0,0.1678868750508869
357,-809.0,0.16704744067563246
358,-883.0,0.1662122034722543
359,-944.5,0.16538114245489302
360,-782.0,0.16455423674261854
361,-1035.0,0.16373146555890544
362,-746.5,0.16291280823111093
363,-950.5,0.16209824418995536
364,-954.5,0.16128775296900558
365,-584.0,0.16048131420416054
366,-858.5,0.15967890763313974
367,-975.0,0.15888051309497406
368,-732.5,0.1580861105294992
369,-849.5,0.1572956799768517
370,-752.0,0.15650920157696743
371,-907.5,0.1557266555690826
372,-704.5,0.1549480222912372
373,-934.0,0.15417328217978102
374,-995.5,0.1534024157688821
375,-788.0,0.1526354036900377
376,-719.5,0.1518722266715875
377,-1189.0,0.15111286553822956
378,-1096.5,0.15035730121053842
379,-1225.0,0.14960551470448571
380,-799.5,0.14885748713096328
381,-903.5,0.14811319969530845
382,-829.0,0.1473726336968319
383,-1136.0,0.14663577052834775
384,-750.0,0.14590259167570602
385,-1058.5,0.1451730787173275
386,-803.5,0.14444721332374086
387,-864.5,0.14372497725712216
388,-747.0,0.14300635237083656
389,-619.5,0.14229132060898236
390,-1072.0,0.14157986400593744
391,-739.0,0.14087196468590776
392,-1095.5,0.14016760486247823
393,-898.0,0.13946676683816583
394,-881.5,0.138769433003975
395,-857.5,0.13807558583895513
396,-869.0,0.13738520790976036
397,-1028.0,0.13669828187021155
398,-984.5,0.13601479046086049
399,-1213.0,0.1353347165085562
400,-840.5,0.1346580429260134
401,-767.5,0.13398475271138335
402,-960.5,0.13331482894782642
403,-1038.0,0.13264825480308728
404,-1028.5,0.13198501352907185
405,-903.5,0.1313250884614265
406,-1467.5,0.13066846301911936
407,-882.5,0.13001512070402377
408,-833.0,0.12936504510050365
409,-1119.5,0.12871821987500112
410,-1023.0,0.12807462877562611
411,-957.0,0.12743425563174798
412,-988.5,0.12679708435358925
413,-888.0,0.1261630989318213
414,-754.0,0.1255322834371622
415,-763.0,0.12490462201997637
416,-967.5,0.1242800989098765
417,-1135.5,0.12365869841532712
418,-765.0,0.12304040492325048
419,-796.0,0.12242520289863423
420,-865.0,0.12181307688414106
421,-865.5,0.12120401149972035
422,-1001.5,0.12059799144222175
423,-922.5,0.11999500148501063
424,-1049.0,0.11939502647758558
425,-745.5,0.11879805134519765
426,-747.5,0.11820406108847166
427,-941.0,0.1176130407830293
428,-882.5,0.11702497557911415
429,-944.5,0.11643985070121858
430,-687.0,0.11585765144771248
431,-926.0,0.11527836319047392
432,-863.5,0.11470197137452155
433,-780.0,0.11412846151764894
434,-1121.5,0.1135578192100607
435,-988.0,0.11299003011401039
436,-937.0,0.11242507996344034
437,-861.0,0.11186295456362313
438,-803.0,0.11130363979080501
439,-959.0,0.11074712159185099
440,-1071.0,0.11019338598389174
441,-969.0,0.10964241905397228
442,-1371.5,0.10909420695870241
443,-1109.5,0.1085487359239089
444,-920.0,0.10800599224428936
445,-1193.0,0.10746596228306791
446,-855.0,0.10692863247165257
447,-942.5,0.1063939893092943
448,-819.5,0.10586201936274783
449,-805.5,0.10533270926593409
450,-1040.5,0.10480604571960442
451,-763.0,0.1042820154910064
452,-876.0,0.10376060541355137
453,-1213.5,0.1032418023864836
454,-1155.0,0.10272559337455119
455,-776.0,0.10221196540767843
456,-708.0,0.10170090558064004
457,-866.5,0.10119240105273684
458,-960.0,0.10068643904747315
459,-1014.5,0.10018300685223579
460,-822.0,0.0996820918179746
461,-980.5,0.09918368135888474
462,-985.0,0.09868776295209031
463,-1008.0,0.09819432413732986
464,-956.5,0.09770335251664321
465,-1230.0,0.09721483575406
466,-1036.5,0.09672876157528969
467,-1087.5,0.09624511776741324
468,-753.5,0.09576389217857617
469,-1060.0,0.09528507271768329
470,-765.0,0.09480864735409487
471,-967.0,0.0943346041173244
472,-851.5,0.09386293109673778
473,-814.0,0.09339361644125409
474,-872.0,0.09292664835904782
475,-695.0,0.09246201511725258
476,-984.0,0.09199970504166631
477,-976.0,0.09153970651645797
478,-680.5,0.09108200798387568
479,-944.0,0.0906265979439563
480,-1026.0,0.09017346495423652
481,-963.0,0.08972259762946533
482,-931.0,0.089273984641318
483,-952.0,0.0888276147181114
484,-1027.5,0.08838347664452084
485,-947.5,0.08794155926129824
486,-1056.5,0.08750185146499175
487,-795.0,0.08706434220766679
488,-785.5,0.08662902049662846
489,-847.5,0.08619587539414532
490,-907.0,0.08576489601717459
491,-848.5,0.08533607153708872
492,-967.5,0.08490939117940327
493,-978.5,0.08448484422350626
494,-1117.5,0.08406242000238873
495,-907.5,0.08364210790237678
496,-823.0,0.0832238973628649
497,-800.0,0.08280777787605056
498,-899.5,0.08239373898667031
499,-926.0,0.08198177029173696
500,-843.5,0.08157186144027828
501,-827.5,0.0811640021330769
502,-642.0,0.08075818212241151
503,-1007.0,0.08035439121179945
504,-1005.0,0.07995261925574046
505,-1030.5,0.07955285615946175
506,-1105.5,0.07915509187866444
507,-1062.0,0.07875931641927113
508,-1152.0,0.07836551983717477
509,-918.0,0.07797369223798889
510,-965.0,0.07758382377679894
511,-870.5,0.07719590465791494
512,-983.0,0.07680992513462537
513,-948.5,0.07642587550895225
514,-914.0,0.07604374613140748
515,-1104.5,0.07566352740075044
516,-930.0,0.07528520976374668
517,-863.5,0.07490878371492794
518,-1163.0,0.0745342397963533
519,-910.5,0.07416156859737154
520,-1068.5,0.07379076075438468
521,-751.0,0.07342180695061275
522,-1001.5,0.07305469791585968
523,-741.0,0.07268942442628039
524,-1157.5,0.07232597730414898
525,-919.5,0.07196434741762824
526,-1002.0,0.0716045256805401
527,-959.0,0.0712465030521374
528,-932.5,0.0708902705368767
529,-1024.0,0.07053581918419231
530,-855.5,0.07018314008827135
531,-1121.5,0.06983222438783
532,-936.0,0.06948306326589085
533,-838.0,0.0691356479495614
534,-1020.5,0.06878996970981359
535,-851.0,0.06844601986126451
536,-872.5,0.06810378976195819
537,-846.5,0.0677632708131484
538,-1009.5,0.06742445445908266
539,-834.5,0.06708733218678724
540,-942.5,0.0667518955258533
541,-935.5,0.06641813604822402
542,-1003.5,0.0660860453679829
543,-883.0,0.06575561514114299
544,-835.0,0.06542683706543727
545,-1109.0,0.06509970288011008
546,-861.0,0.06477420436570952
547,-1046.5,0.06445033334388098
548,-888.5,0.06412808167716157
549,-948.0,0.06380744126877576
550,-1074.0,0.06348840406243188
551,-930.5,0.06317096204211972
552,-953.0,0.06285510723190912
553,-813.5,0.06254083169574957
554,-1325.5,0.062228127537270826
555,-1016.0,0.06191698689958447
556,-1017.5,0.061607401965086545
557,-924.0,0.06129936495526111
558,-814.5,0.0609928681304848
559,-911.0,0.060687903789832374
560,-941.0,0.06038446427088321
561,-1034.5,0.06008254194952879
562,-910.5,0.05978212923978115
563,-772.0,0.05948321859358224
564,-1337.5,0.05918580250061433
565,-939.5,0.058889873488111255
566,-1118.5,0.058595424120670696
567,-814.5,0.05830244700006734
568,-904.5,0.058010934765067
569,-1156.0,0.05772088009124167
570,-1254.0,0.05743227569078546
571,-943.5,0.05714511431233153
572,-1013.5,0.05685938874076987
573,-1022.5,0.056575091797066025
574,-853.5,0.056292216338080694
575,-960.0,0.05601075525639029
576,-1204.0,0.05573070148010834
577,-952.0,0.0554520479727078
578,-780.0,0.05517478773284426
579,-999.0,0.05489891379418004
580,-967.0,0.05462441922520914
581,-1105.5,0.0543512971290831
582,-943.0,0.05407954064343768
583,-1154.5,0.05380914294022049
584,-1029.0,0.05354009722551939
585,-1014.5,0.05327239673939179
586,-982.5,0.053006034755694834
587,-1200.5,0.052741004581916356
588,-870.0,0.052477299559006776
589,-1160.0,0.052214913061211746
590,-942.5,0.05195383849590569
591,-1007.5,0.05169406930342616
592,-1239.5,0.05143559895690903
593,-912.5,0.051178420962124486
594,-1128.0,0.05092252885731386
595,-941.0,0.05066791621302729
596,-841.5,0.05041457663196215
597,-899.5,0.050162503748802344
598,-994.0,0.049911691230058335
599,-1011.5,0.04966213277390804
600,-1150.5,0.0494138221100385
601,-965.5,0.04916675299948831
602,-1160.0,0.04892091923449087
603,-977.5,0.04867631463831842
604,-948.0,0.048432933065126825
605,-962.5,0.048190768399801194
606,-892.0,0.04794981455780219
607,-995.0,0.04771006548501318
608,-923.5,0.047471515157588115
609,-1002.0,0.047234157581800176
610,-988.5,0.046997986793891174
611,-1031.5,0.04676299685992172
612,-926.0,0.04652918187562211
613,-714.0,0.046296535966244
614,-931.0,0.046065053286412784
615,-1084.0,0.04583472801998072
616,-946.5,0.045605554379880814
617,-951.0,0.04537752660798141
618,-1063.0,0.0451506389749415
619,-885.5,0.044924885780066794
620,-977.0,0.04470026135116646
621,-943.5,0.04447676004441063
622,-1067.5,0.04425437624418858
623,-1204.5,0.04403310436296763
624,-975.0,0.043812938841152796
625,-880.0,0.04359387414694703
626,-935.5,0.043375904776212296
627,-856.0,0.043159025252331236
628,-1047.0,0.04294323012606958
629,-1192.5,0.04272851397543923
630,-826.5,0.04251487140556204
631,-975.5,0.04230229704853423
632,-1124.5,0.04209078556329156
633,-1032.0,0.0418803316354751
634,-1089.5,0.041670929977297724
635,-975.5,0.04146257532741124
636,-1047.5,0.04125526245077418
637,-897.0,0.04104898613852031
638,-872.0,0.04084374120782771
639,-972.0,0.04063952250178857
640,-1183.0,0.04043632488927963
641,-787.5,0.04023414326483323
642,-1152.5,0.040032972548509065
643,-1090.5,0.03983280768576652
644,-1082.5,0.03963364364733769
645,-953.0,0.039435475429100995
646,-1032.5,0.03923829805195549
647,-1035.5,0.03904210656169572
648,-905.0,0.03884689602888724
649,-905.0,0.0386526615487428
650,-972.5,0.03845939824099909
651,-1203.0,0.03826710124979409
652,-989.5,0.038075765743545126
653,-805.0,0.0378853869148274
654,-967.5,0.03769595998025326
655,-974.5,0.03750748018035199
656,-1039.0,0.037319942779450235
657,-1096.5,0.037133343065552986
658,-1003.0,0.03694767635022522
659,-996.5,0.036762937968474095
660,-968.0,0.03657912327863173
661,-946.0,0.036396227662238566
662,-1029.0,0.03621424652392737
663,-988.5,0.036033175291307735
664,-1070.5,0.03585300941485119
665,-991.5,0.035673744367776934
666,-969.5,0.03549537564593805
667,-1002.0,0.035317898767708356
668,-855.5,0.03514130927386981
669,-974.5,0.03496560272750046
670,-1125.0,0.03479077471386296
671,-1150.5,0.03461682084029365
672,-1055.0,0.034443736736092176
673,-1082.5,0.034271518052411715
674,-952.0,0.034100160462149656
675,-1039.5,0.03392965965983891
676,-965.5,0.033760011361539714
677,-1284.5,0.03359121130473201
678,-961.5,0.033423255248208356
679,-1081.5,0.03325613897196732
680,-976.0,0.03308985827710748
681,-1003.0,0.032924408985721944
682,-1013.0,0.03275978694079333
683,-1033.5,0.032595988006089364
684,-966.5,0.032433008066058915
685,-1328.0,0.03227084302572862
686,-1028.0,0.032109488810599975
687,-1013.0,0.031948941366546975
688,-1061.5,0.03178919665971424
689,-809.0,0.03163025067641567
690,-1150.5,0.03147209942303359
691,-913.0,0.03131473892591842
692,-1161.0,0.031158165231288826
693,-1012.0,0.03100237440513238
694,-965.5,0.030847362533106718
695,-954.0,0.030693125720441184
696,-870.5,0.030539660091838977
697,-1007.5,0.03038696179137978
698,-1124.0,0.030235026982422884
699,-1246.0,0.030083851847510768
700,-1061.5,0.029933432588273214
701,-1147.0,0.029783765425331846
702,-990.0,0.029634846598205186
703,-989.5,0.02948667236521416
704,-997.0,0.029339239003388088
705,-1000.5,0.029192542808371146
706,-1110.5,0.02904658009432929
707,-1059.0,0.028901347193857643
708,-1043.0,0.028756840457888354
709,-965.0,0.02861305625559891
710,-1085.5,0.028469990974320916
711,-939.0,0.02832764101944931
712,-952.0,0.028186002814352063
713,-1048.0,0.0280450728002803
714,-906.5,0.0279048474362789
715,-1098.5,0.027765323199097504
716,-1006.5,0.027626496583102015
717,-941.0,0.027488364100186506
718,-978.0,0.027350922279685573
719,-938.5,0.027214167668287145
720,-937.5,0.02707809682994571
721,-1204.5,0.02694270634579598
722,-1150.5,0.026807992814067
723,-1081.0,0.026673952849996664
724,-1152.0,0.02654058308574668
725,-1048.0,0.026407880170317945
726,-994.5,0.026275840769466357
727,-1311.5,0.026144461565619025
728,-1059.0,0.02601373925779093
729,-977.0,0.025883670561501974
730,-1021.0,0.025754252208694463
731,-1100.5,0.02562548094765099
732,-997.5,0.025497353542912736
733,-1024.5,0.02536986677519817
734,-846.5,0.02524301744132218
735,-1001.0,0.025116802354115567
736,-1181.5,0.024991218342344988
737,-912.0,0.024866262250633264
738,-1035.5,0.024741930939380097
739,-966.0,0.024618221284683196
740,-947.5,0.02449513017825978
741,-1001.5,0.02437265452736848
742,-994.5,0.024250791254731636
743,-872.0,0.024129537298457977
744,-1069.0,0.024008889611965685
745,-916.5,0.023888845163905856
746,-975.5,0.023769400938086327
747,-954.0,0.023650553933395897
748,-1079.0,0.023532301163728918
749,-1082.5,0.023414639657910272
750,-1044.5,0.023297566459620722
751,-1064.5,0.023181078627322618
752,-1047.5,0.023065173234186005
753,-855.5,0.022949847368015076
754,-1099.5,0.022835098131175
755,-958.5,0.022720922640519125
756,-980.5,0.02260731802731653
757,-1028.0,0.022494281437179946
758,-918.5,0.022381810029994047
759,-1110.0,0.022269900979844076
760,-1054.0,0.022158551474944856
761,-979.0,0.022047758717570132
762,-918.0,0.021937519923982282
763,-942.0,0.021827832324362372
764,-1006.0,0.02171869316274056
765,-1173.0,0.021610099696926857
766,-1024.0,0.021502049198442223
767,-1008.5,0.021394538952450012
768,-848.0,0.02128756625768776
769,-1021.0,0.021181128426399323
770,-959.0,0.021075222784267326
771,-994.5,0.020969846670345987
772,-913.5,0.020864997436994256
773,-1040.5,0.020760672449809284
774,-925.0,0.020656869087560238
775,-883.5,0.020553584742122436
776,-978.5,0.020450816818411825
777,-916.5,0.020348562734319765
778,-1023.0,0.020246819920648168
779,-1038.0,0.020145585821044927
780,-1044.0,0.020044857891939702
781,-1116.5,0.019944633602480003
782,-1020.5,0.019844910434467605
783,-1137.0,0.019745685882295267
784,-979.5,0.01964695745288379
785,-993.5,0.01954872266561937
786,-981.5,0.019450979052291272
787,-929.5,0.019353724157029815
788,-929.5,0.019256955536244666
789,-1129.0,0.019160670758563442
790,-1017.5,0.019064867404770626
791,-921.0,0.018969543067746772
792,-1022.0,0.018874695352408037
793,-961.0,0.018780321875645996
794,-1049.5,0.018686420266267767
795,-988.0,0.018592988164936427
796,-992.5,0.018500023224111744
797,-1131.0,0.018407523107991184
798,-964.5,0.01831548549245123
799,-1102.5,0.018223908064988973
800,-1151.0,0.018132788524664028
801,-1061.5,0.018042124582040707
802,-975.5,0.017951913959130504
803,-828.0,0.01786215438933485
804,-997.5,0.017772843617388175
805,-1045.5,0.017683979399301233
806,-997.0,0.017595559502304726
807,-1012.0,0.0175075817047932
808,-1049.5,0.017420043796269234
809,-936.5,0.017332943577287888
810,-1109.5,0.01724627885940145
811,-948.5,0.017160047465104442
812,-925.0,0.01707424722777892
813,-876.0,0.016988875991640028
814,-952.5,0.016903931611681827
815,-988.0,0.01681941195362342
816,-1039.0,0.016735314893855303
817,-873.5,0.016651638319386028
818,-885.5,0.0165683801277891
819,-858.0,0.016485538227150154
820,-924.0,0.0164031105360144
821,-898.0,0.01632109498333433
822,-899.5,0.016239489508417658
823,-1200.0,0.01615829206087557
824,-933.5,0.01607750060057119
825,-971.5,0.015997113097568336
826,-1105.0,0.015917127532080494
827,-840.5,0.01583754189442009
828,-794.0,0.01575835418494799
829,-959.5,0.01567956241402325
830,-1021.0,0.015601164601953134
831,-954.0,0.015523158778943369
832,-976.5,0.015445542985048652
833,-1039.0,0.015368315270123408
834,-1156.5,0.01529147369377279
835,-1004.5,0.015215016325303928
836,-979.5,0.015138941243677408
837,-1005.0,0.01506324653745902
838,-1071.0,0.014987930304771725
839,-984.5,0.014912990653247866
840,-959.0,0.014838425699981627
841,-1027.5,0.01476423357148172
842,-992.0,0.014690412403624311
843,-988.5,0.01461696034160619
844,-970.5,0.014543875539898159
845,-848.5,0.014471156162198668
846,-946.0,0.014398800381387675
847,-1063.5,0.014326806379480736
848,-986.5,0.014255172347583332
849,-1017.5,0.014183896485845416
850,-1001.5,0.014112977003416188
851,-989.0,0.014042412118399107
852,-910.0,0.013972200057807112
853,-964.0,0.013902339057518077
854,-1099.5,0.013832827362230486
855,-998.0,0.013763663225419333
856,-1056.0,0.013694844909292236
857,-979.0,0.013626370684745774
858,-990.0,0.013558238831322046
859,-1174.5,0.013490447637165436
860,-981.5,0.013422995398979608
861,-1012.5,0.01335588042198471
862,-1072.0,0.013289101019874787
863,-1033.0,0.013222655514775413
864,-1022.5,0.013156542237201536
865,-1071.0,0.013090759526015528
866,-856.5,0.01302530572838545
867,-972.5,0.012960179199743523
868,-1052.0,0.012895378303744804
869,-946.5,0.01283090141222608
870,-1047.5,0.012766746905164949
871,-973.5,0.012702913170639124
872,-848.5,0.012639398604785928
873,-1041.5,0.012576201611761997
874,-961.5,0.012513320603703188
875,-1091.5,0.012450754000684672
876,-979.0,0.012388500230681249
877,-1084.0,0.012326557729527843
878,-1116.0,0.012264924940880204
879,-1095.0,0.012203600316175803
880,-880.0,0.012142582314594924
881,-1102.5,0.01208186940302195
882,-1063.5,0.01202146005600684
883,-966.0,0.011961352755726806
884,-875.0,0.01190154599194817
885,-934.0,0.01184203826198843
886,-985.5,0.011782828070678488
887,-1046.0,0.011723913930325095
888,-767.5,0.01166529436067347
889,-862.0,0.011606967888870102
890,-963.5,0.01154893304942575
891,-853.0,0.011491188384178622
892,-901.5,0.011433732442257729
893,-1024.5,0.01137656378004644
894,-976.0,0.011319680961146208
895,-1042.5,0.011263082556340478
896,-1312.0,0.011206767143558775
897,-880.5,0.011150733307840981
898,-1093.5,0.011094979641301777
899,-999.5,0.011039504743095268
900,-1094.0,0.01098430721937979
901,-1028.0,0.010929385683282892
902,-976.5,0.010874738754866477
903,-937.5,0.010820365061092144
904,-1279.0,0.010766263235786683
905,-1089.5,0.01071243191960775
906,-939.5,0.010658869760009713
907,-997.0,0.010605575411209664
908,-845.5,0.010552547534153616
909,-1051.0,0.010499784796482848
910,-851.5,0.010447285872500434
911,-976.5,0.01039504944313793
912,-881.5,0.010343074195922241
913,-1165.0,0.01029135882494263
914,-1015.5,0.010239902030817916
915,-897.5,0.010188702520663827
916,-1123.5,0.010137759008060509
917,-1034.5,0.010087070213020206
918,-1080.0,0.010036634861955105
919,-941.0,0.01
920,-801.0,0.01
921,-961.5,0.01
922,-1046.5,0.01
923,-1075.0,0.01
924,-1031.5,0.01
925,-956.5,0.01
926,-975.0,0.01
927,-1044.5,0.01
928,-946.0,0.01
929,-928.0,0.01
930,-974.0,0.01
931,-1047.0,0.01
932,-827.5,0.01
933,-836.5,0.01
934,-1040.5,0.01
935,-908.0,0.01
936,-1053.5,0.01
937,-799.5,0.01
938,-1059.5,0.01
939,-965.0,0.01
940,-974.0,0.01
941,-1014.5,0.01
942,-1040.0,0.01
943,-1107.5,0.01
944,-983.0,0.01
945,-946.5,0.01
946,-997.0,0.01
947,-966.5,0.01
948,-977.0,0.01
949,-1077.0,0.01
950,-1016.0,0.01
951,-1089.5,0.01
952,-1041.0,0.01
953,-975.5,0.01
954,-1095.5,0.01
955,-1144.0,0.01
956,-769.5,0.01
957,-943.5,0.01
958,-1046.5,0.01
959,-1128.0,0.01
960,-1034.5,0.01
961,-1013.5,0.01
962,-1020.5,0.01
963,-914.5,0.01
964,-938.0,0.01
965,-864.5,0.01
966,-1064.5,0.01
967,-1099.0,0.01
968,-971.5,0.01
969,-1075.5,0.01
970,-1031.5,0.01
971,-911.5,0.01
972,-1003.5,0.01
973,-992.5,0.01
974,-898.0,0.01
975,-884.0,0.01
976,-923.0,0.01
977,-901.5,0.01
978,-1006.5,0.01
979,-1048.0,0.01
980,-937.5,0.01
981,-1046.5,0.01
982,-814.5,0.01
983,-993.5,0.01
984,-1025.0,0.01
985,-1094.5,0.01
986,-998.0,0.01
987,-1131.0,0.01
988,-1011.5,0.01
989,-1082.0,0.01
990,-745.5,0.01
991,-910.5,0.01
992,-708.0,0.01
993,-1070.5,0.01
994,-790.5,0.01
995,-934.0,0.01
996,-882.0,0.01
997,-999.5,0.01
998,-792.0,0.01
999,-872.5,0.01
1000,-767.0,0.01
1001,-949.0,0.01
1002,-939.0,0.01
1003,-862.0,0.01
1004,-808.0,0.01
1005,-954.5,0.01
1006,-986.0,0.01
1007,-868.0,0.01
1008,-1042.0,0.01
1009,-896.5,0.01
1010,-894.0,0.01
1011,-1140.5,0.01
1012,-1080.0,0.01
1013,-1034.0,0.01
1014,-1151.0,0.01
1015,-961.5,0.01
1016,-870.5,0.01
1017,-881.0,0.01
1018,-842.5,0.01
1019,-786.0,0.01
1020,-958.5,0.01
1021,-926.5,0.01
1022,-914.0,0.01
1023,-864.5,0.01
1024,-863.0,0.01
1025,-1008.0,0.01
1026,-853.5,0.01
1027,-981.0,0.01
1028,-1003.0,0.01
1029,-997.0,0.01
1030,-904.5,0.01
1031,-939.0,0.01
1032,-1038.5,0.01
1033,-866.5,0.01
1034,-703.0,0.01
1035,-782.0,0.01
1036,-1038.0,0.01
1037,-827.5,0.01
1038,-943.0,0.01
1039,-819.5,0.01
1040,-1128.0,0.01
1041,-807.0,0.01
1042,-958.5,0.01
1043,-1005.5,0.01
1044,-751.5,0.01
1045,-804.5,0.01
1046,-928.5,0.01
1047,-911.0,0.01
1048,-807.0,0.01
1049,-940.0,0.01
1050,-901.0,0.01
1051,-960.5,0.01
1052,-1155.0,0.01
1053,-861.5,0.01
1054,-942.5,0.01
1055,-710.0,0.01
1056,-899.5,0.01
1057,-784.0,0.01
1058,-897.0,0.01
1059,-937.0,0.01
1060,-690.5,0.01
1061,-835.0,0.01
1062,-886.5,0.01
1063,-806.0,0.01
1064,-752.0,0.01
1065,-870.0,0.01
1066,-781.5,0.01
1067,-821.0,0.01
1068,-822.5,0.01
1069,-854.0,0.01
1070,-828.5,0.01
1071,-835.5,0.01
1072,-797.0,0.01
1073,-599.0,0.01
1074,-907.0,0.01
1075,-731.0,0.01
1076,-867.5,0.01
1077,-752.0,0.01
1078,-883.5,0.01
1079,-694.5,0.01
1080,-650.0,0.01
1081,-765.5,0.01
1082,-706.5,0.01
1083,-742.0,0.01
1084,-778.5,0.01
1085,-727.0,0.01
1086,-750.5,0.01
1087,-641.0,0.01
1088,-740.0,0.01
1089,-756.0,0.01
1090,-757.5,0.01
1091,-580.0,0.01
1092,-957.5,0.01
1093,-644.5,0.01
1094,-587.0,0.01
1095,-620.0,0.01
1096,-855.5,0.01
1097,-709.0,0.01
1098,-756.5,0.01
1099,-635.5,0.01
1100,-672.0,0.01
1101,-663.5,0.01
1102,-721.0,0.01
1103,-680.0,0.01
1104,-683.0,0.01
1105,-804.5,0.01
1106,-603.0,0.01
1107,-805.5,0.01
1108,-748.5,0.01
1109,-768.0,0.01
1110,-676.5,0.01
1111,-627.0,0.01
1112,-669.0,0.01
1113,-692.0,0.01
1114,-562.5,0.01
1115,-670.0,0.01
1116,-636.0,0.01
1117,-758.0,0.01
1118,-575.0,0.01
1119,-654.5,0.01
1120,-713.5,0.01
1121,-762.0,0.01
1122,-706.0,0.01
1123,-706.0,0.01
1124,-562.5,0.01
1125,-745.5,0.01
1126,-716.5,0.01
1127,-698.0,0.01
1128,-544.5,0.01
1129,-716.5,0.01
1130,-665.5,0.01
1131,-751.0,0.01
1132,-597.0,0.01
1133,-681.5,0.01
1134,-794.5,0.01
1135,-682.0,0.01
1136,-621.0,0.01
1137,-708.5,0.01
1138,-580.0,0.01
1139,-738.0,0.01
1140,-891.0,0.01
1141,-733.5,0.01
1142,-696.5,0.01
1143,-597.0,0.01
1144,-630.5,0.01
1145,-615.0,0.01
1146,-495.0,0.01
1147,-547.0,0.01
1148,-18828.5,0.01
1149,-718.5,0.01
1150,-783.5,0.01
1151,-743.0,0.01
1152,-526.0,0.01
1153,-497.5,0.01
1154,-724.0,0.01
1155,-678.0,0.01
1156,-717.0,0.01
1157,-715.0,0.01
1158,-786.0,0.01
1159,-782.5,0.01
1160,-296.0,0.01
1161,-655.5,0.01
1162,-598.5,0.01
1163,-544.5,0.01
1164,-679.5,0.01
1165,-782.0,0.01
1166,-356.5,0.01
1167,-531.5,0.01
1168,-555.5,0.01
1169,-626.5,0.01
1170,-709.5,0.01
1171,-465.0,0.01
1172,-653.5,0.01
1173,-674.5,0.01
1174,-644.0,0.01
1175,-643.0,0.01
1176,-651.5,0.01
1177,-594.5,0.01
1178,-675.0,0.01
1179,-663.5,0.01
1180,-552.5,0.01
1181,-575.0,0.01
1182,-619.5,0.01
1183,-757.0,0.01
1184,-663.5,0.01
1185,-570.0,0.01
1186,-597.0,0.01
1187,-598.5,0.01
1188,-614.5,0.01
1189,-536.0,0.01
1190,-614.5,0.01
1191,-687.0,0.01
1192,-753.0,0.01
1193,-597.0,0.01
1194,-709.0,0.01
1195,-613.5,0.01
1196,-693.5,0.01
1197,-671.0,0.01
1198,-778.5,0.01
1199,-667.0,0.01
1200,-660.0,0.01
1201,-716.0,0.01
1202,-622.0,0.01
1203,-629.5,0.01
1204,-480.0,0.01
1205,-774.5,0.01
1206,-568.0,0.01
1207,-714.0,0.01
1208,-587.5,0.01
1209,-633.0,0.01
1210,-660.5,0.01
1211,-696.5,0.01
1212,-583.0,0.01
1213,-647.5,0.01
1214,-710.0,0.01
1215,-588.5,0.01
1216,-605.5,0.01
1217,-713.0,0.01
1218,-815.0,0.01
1219,-667.0,0.01
1220,-552.0,0.01
1221,-639.5,0.01
1222,-582.5,0.01
1223,-533.0,0.01
1224,-583.5,0.01
1225,-726.0,0.01
1226,-694.5,0.01
1227,-650.0,0.01
1228,-723.5,0.01
1229,-593.5,0.01
1230,-626.5,0.01
1231,-574.5,0.01
1232,-601.0,0.01
1233,-652.0,0.01
1234,-613.5,0.01
1235,-527.5,0.01
1236,-568.0,0.01
1237,-697.0,0.01
1238,-422.5,0.01
1239,-526.0,0.01
1240,-724.0,0.01
1241,-583.5,0.01
1242,-665.5,0.01
1243,-707.0,0.01
1244,-673.5,0.01
1245,-719.5,0.01
1246,-638.0,0.01
1247,-463.5,0.01
1248,-583.5,0.01
1249,-596.0,0.01
1250,-570.5,0.01
1251,-633.5,0.01
1252,-592.0,0.01
1253,-518.0,0.01
1254,-608.5,0.01
1255,-630.0,0.01
1256,-742.5,0.01
1257,-525.0,0.01
1258,-685.5,0.01
1259,-421.0,0.01
1260,-554.5,0.01
1261,-528.0,0.01
1262,-504.0,0.01
1263,-709.5,0.01
1264,-504.0,0.01
1265,-633.5,0.01
1266,-576.0,0.01
1267,-609.5,0.01
1268,-565.0,0.01
1269,-687.5,0.01
1270,-676.5,0.01
1271,-555.5,0.01
1272,-567.0,0.01
1273,-618.0,0.01
1274,-621.0,0.01
1275,-549.5,0.01
1276,-529.5,0.01
1277,-653.5,0.01
1278,-369.5,0.01
1279,-415.0,0.01
1280,-499.5,0.01
1281,-638.0,0.01
1282,-552.0,0.01
1283,-549.5,0.01
1284,-609.5,0.01
1285,-605.0,0.01
1286,-655.5,0.01
1287,-519.5,0.01
1288,-520.0,0.01
1289,-672.5,0.01
1290,-565.5,0.01
1291,-614.0,0.01
1292,-552.0,0.01
1293,-616.0,0.01
1294,-577.5,0.01
1295,-581.5,0.01
1296,-623.5,0.01
1297,-591.0,0.01
1298,-362.5,0.01
1299,-556.0,0.01
1300,-531.5,0.01
1301,-514.5,0.01
1302,-675.0,0.01
1303,-561.5,0.01
1304,-481.5,0.01
1305,-436.0,0.01
1306,-560.0,0.01
1307,-492.0,0.01
1308,-492.0,0.01
1309,-615.5,0.01
1310,-540.0,0.01
1311,-519.0,0.01
1312,-597.5,0.01
1313,-533.5,0.01
1314,-504.5,0.01
1315,-541.0,0.01
1316,-631.0,0.01
1317,-436.5,0.01
1318,-431.5,0.01
1319,-383.5,0.01
1320,-450.5,0.01
1321,-586.5,0.01
1322,-501.5,0.01
1323,-639.5,0.01
1324,-522.5,0.01
1325,-396.5,0.01
1326,-648.5,0.01
1327,-711.0,0.01
1328,-705.0,0.01
1329,-489.5,0.01
1330,-511.5,0.01
1331,-386.5,0.01
1332,-571.5,0.01
1333,-587.5,0.01
1334,-530.5,0.01
1335,-512.0,0.01
1336,-617.0,0.01
1337,-559.5,0.01
1338,-540.5,0.01
1339,-647.5,0.01
1340,-739.0,0.01
1341,-595.5,0.01
1342,-568.0,0.01
1343,-623.0,0.01
1344,-419.5,0.01
1345,-597.0,0.01
1346,-541.5,0.01
1347,-379.5,0.01
1348,-603.0,0.01
1349,-527.5,0.01
1350,-641.5,0.01
1351,-466.5,0.01
1352,-480.5,0.01
1353,-504.5,0.01
1354,-588.0,0.01
1355,-580.5,0.01
1356,-551.0,0.01
1357,-688.5,0.01
1358,-575.5,0.01
1359,-475.0,0.01
1360,-520.5,0.01
1361,-585.0,0.01
1362,-509.5,0.01
1363,-702.5,0.01
1364,-531.0,0.01
1365,-698.5,0.01
1366,-545.5,0.01
1367,-485.5,0.01
1368,-667.5,0.01
1369,-526.5,0.01
1370,-415.5,0.01
1371,-353.5,0.01
1372,-496.5,0.01
1373,-511.0,0.01
1374,-781.5,0.01
1375,-552.0,0.01
1376,-529.0,0.01
1377,-454.0,0.01
1378,-546.0,0.01
1379,-504.0,0.01
1380,-571.0,0.01
1381,-342.5,0.01
1382,-518.0,0.01
1383,-554.0,0.01
1384,-514.5,0.01
1385,-479.0,0.01
1386,-511.5,0.01
1387,-517.0,0.01
1388,-587.5,0.01
1389,-448.5,0.01
1390,-529.5,0.01
1391,-535.5,0.01
1392,-380.0,0.01
1393,-497.5,0.01
1394,-855.5,0.01
1395,-571.0,0.01
1396,-558.5,0.01
1397,-561.0,0.01
1398,-439.5,0.01
1399,-384.0,0.01
1400,-595.0,0.01
1401,-458.0,0.01
1402,-582.5,0.01
1403,-537.0,0.01
1404,-579.0,0.01
1405,-611.5,0.01
1406,-412.0,0.01
1407,-477.5,0.01
1408,-469.0,0.01
1409,-534.5,0.01
1410,-562.0,0.01
1411,-517.0,0.01
1412,-659.0,0.01
1413,-688.5,0.01
1414,-507.5,0.01
1415,-487.0,0.01
1416,-590.5,0.01
1417,-470.0,0.01
1418,-470.0,0.01
1419,-558.0,0.01
1420,-676.5,0.01
1421,-469.0,0.01
1422,-795.5,0.01
1423,-431.0,0.01
1424,-455.0,0.01
1425,-493.0,0.01
1426,-593.0,0.01
1427,-550.0,0.01
1428,-691.5,0.01
1429,-481.5,0.01
1430,-593.0,0.01
1431,-435.5,0.01
1432,-431.5,0.01
1433,-479.5,0.01
1434,-594.0,0.01
1435,-385.0,0.01
1436,-637.5,0.01
1437,-551.0,0.01
1438,-654.0,0.01
1439,-529.0,0.01
1440,-646.0,0.01
1441,-362.5,0.01
1442,-399.5,0.01
1443,-739.5,0.01
1444,-528.5,0.01
1445,-440.5,0.01
1446,-671.0,0.01
1447,-553.0,0.01
1448,-611.0,0.01
1449,-472.5,0.01
1450,-598.5,0.01
1451,-561.5,0.01
1452,-518.0,0.01
1453,-451.5,0.01
1454,-543.0,0.01
1455,-535.5,0.01
1456,-573.0,0.01
1457,-592.0,0.01
1458,-484.5,0.01
1459,-523.0,0.01
1460,-545.5,0.01
1461,-625.5,0.01
1462,-453.0,0.01
1463,-634.5,0.01
1464,-492.0,0.01
1465,-623.0,0.01
1466,-508.0,0.01
1467,-482.0,0.01
1468,-596.5,0.01
1469,-582.5,0.01
1470,-502.5,0.01
1471,-471.0,0.01
1472,-460.5,0.01
1473,-480.0,0.01
1474,-385.5,0.01
1475,-443.0,0.01
1476,-789.0,0.01
1477,-342.0,0.01
1478,-618.0,0.01
1479,-645.5,0.01
1480,-415.0,0.01
1481,-536.5,0.01
1482,-572.0,0.01
1483,-513.5,0.01
1484,-506.0,0.01
1485,-577.0,0.01
1486,-421.0,0.01
1487,-555.5,0.01
1488,-437.0,0.01
1489,-584.0,0.01
1490,-575.5,0.01
1491,-439.5,0.01
1492,-434.5,0.01
1493,-587.0,0.01
1494,-643.5,0.01
1495,-573.5,0.01
1496,-453.0,0.01
1497,-453.0,0.01
1498,-676.0,0.01
1499,-484.0,0.01
1500,-618.0,0.01
1501,-454.5,0.01
1502,-511.5,0.01
1503,-670.5,0.01
1504,-410.0,0.01
1505,-460.5,0.01
1506,-428.0,0.01
1507,-493.0,0.01
1508,-544.5,0.01
1509,-474.0,0.01
1510,-578.0,0.01
1511,-516.0,0.01
1512,-511.0,0.01
1513,-577.0,0.01
1514,-511.0,0.01
1515,-662.0,0.01
1516,-743.0,0.01
1517,-580.5,0.01
1518,-672.0,0.01
1519,-406.5,0.01
1520,-562.5,0.01
1521,-495.0,0.01
1522,-507.5,0.01
1523,-403.0,0.01
1524,-552.5,0.01
1525,-543.5,0.01
1526,-465.5,0.01
1527,-564.0,0.01
1528,-491.0,0.01
1529,-478.0,0.01
1530,-599.5,0.01
1531,-414.5,0.01
1532,-394.0,0.01
1533,-634.0,0.01
1534,-685.0,0.01
1535,-614.0,0.01
1536,-430.0,0.01
1537,-337.5,0.01
1538,-534.5,0.01
1539,-549.5,0.01
1540,-403.0,0.01
1541,-400.5,0.01
1542,-560.5,0.01
1543,-587.0,0.01
1544,-496.5,0.01
1545,-485.5,0.01
1546,-503.5,0.01
1547,-655.0,0.01
1548,-526.0,0.01
1549,-471.0,0.01
1550,-487.5,0.01
1551,-465.0,0.01
1552,-461.5,0.01
1553,-581.0,0.01
1554,-498.0,0.01
1555,-565.0,0.01
1556,-598.0,0.01
1557,-467.5,0.01
1558,-547.5,0.01
1559,-421.5,0.01
1560,-679.5,0.01
1561,-317.5,0.01
1562,-553.0,0.01
1563,-412.5,0.01
1564,-529.5,0.01
1565,-342.5,0.01
1566,-527.5,0.01
1567,-363.0,0.01
1568,-504.0,0.01
1569,-515.0,0.01
1570,-476.0,0.01
1571,-547.0,0.01
1572,-592.0,0.01
1573,-444.0,0.01
1574,-506.5,0.01
1575,-686.5,0.01
1576,-516.5,0.01
1577,-561.0,0.01
1578,-519.5,0.01
1579,-666.0,0.01
1580,-483.5,0.01
1581,-506.5,0.01
1582,-403.5,0.01
1583,-389.5,0.01
1584,-607.0,0.01
1585,-463.0,0.01
1586,-631.0,0.01
1587,-597.5,0.01
1588,-296.5,0.01
1589,-577.5,0.01
1590,-688.5,0.01
1591,-600.5,0.01
1592,-599.0,0.01
1593,-536.0,0.01
1594,-388.5,0.01
1595,-520.5,0.01
1596,-580.0,0.01
1597,-525.0,0.01
1598,-429.0,0.01
1599,-600.0,0.01
1600,-530.5,0.01
1601,-556.0,0.01
1602,-277.0,0.01
1603,-447.5,0.01
1604,-577.5,0.01
1605,-427.0,0.01
1606,-450.0,0.01
1607,-508.0,0.01
1608,-595.5,0.01
1609,-493.0,0.01
1610,-629.5,0.01
1611,-504.5,0.01
1612,-526.5,0.01
1613,-490.5,0.01
1614,-514.5,0.01
1615,-525.0,0.01
1616,-574.0,0.01
1617,-519.0,0.01
1618,-508.5,0.01
1619,-527.0,0.01
1620,-502.0,0.01
1621,-347.0,0.01
1622,-469.0,0.01
1623,-426.5,0.01
1624,-503.5,0.01
1625,-343.0,0.01
1626,-584.0,0.01
1627,-442.5,0.01
1628,-431.0,0.01
1629,-430.5,0.01
1630,-533.5,0.01
1631,-415.0,0.01
1632,-540.0,0.01
1633,-637.5,0.01
1634,-495.5,0.01
1635,-466.5,0.01
1636,-475.0,0.01
1637,-501.5,0.01
1638,-452.5,0.01
1639,-492.5,0.01
1640,-447.0,0.01
1641,-682.5,0.01
1642,-445.0,0.01
1643,-462.0,0.01
1644,-507.0,0.01
1645,-382.0,0.01
1646,-405.0,0.01
1647,-401.0,0.01
1648,-518.0,0.01
1649,-605.0,0.01
1650,-472.0,0.01
1651,-539.0,0.01
1652,-718.0,0.01
1653,-383.5,0.01
1654,-465.5,0.01
1655,-478.5,0.01
1656,-505.5,0.01
1657,-497.5,0.01
1658,-476.0,0.01
1659,-541.0,0.01
1660,-459.5,0.01
1661,-395.0,0.01
1662,-511.5,0.01
1663,-572.0,0.01
1664,-713.5,0.01
1665,-431.5,0.01
1666,-411.5,0.01
1667,-532.0,0.01
1668,-643.5,0.01
1669,-541.0,0.01
1670,-625.5,0.01
1671,-479.0,0.01
1672,-442.5,0.01
1673,-447.0,0.01
1674,-876.0,0.01
1675,-652.0,0.01
1676,-577.0,0.01
1677,-545.0,0.01
1678,-504.5,0.01
1679,-581.0,0.01
1680,-539.0,0.01
1681,-387.5,0.01
1682,-501.0,0.01
1683,-429.0,0.01
1684,-472.0,0.01
1685,-518.5,0.01
1686,-490.5,0.01
1687,-550.5,0.01
1688,-497.5,0.01
1689,-486.5,0.01
1690,-478.0,0.01
1691,-563.5,0.01
1692,-516.0,0.01
1693,-488.5,0.01
1694,-518.0,0.01
1695,-545.0,0.01
1696,-423.0,0.01
1697,-482.5,0.01
1698,-493.5,0.01
1699,-771.5,0.01
1700,-565.0,0.01
1701,-530.5,0.01
1702,-556.0,0.01
1703,-428.5,0.01
1704,-548.0,0.01
1705,-352.5,0.01
1706,-495.5,0.01
1707,-482.5,0.01
1708,-669.5,0.01
1709,-464.5,0.01
1710,-487.0,0.01
1711,-413.0,0.01
1712,-397.5,0.01
1713,-457.0,0.01
1714,-424.5,0.01
1715,-523.5,0.01
1716,-586.0,0.01
1717,-537.5,0.01
1718,-493.5,0.01
1719,-424.5,0.01
1720,-454.5,0.01
1721,-492.5,0.01
1722,-424.5,0.01
1723,-471.5,0.01
1724,-590.5,0.01
1725,-130.5,0.01
1726,-296.5,0.01
1727,-388.0,0.01
1728,-486.0,0.01
1729,-565.5,0.01
1730,-480.0,0.01
1731,-565.0,0.01
1732,-438.5,0.01
1733,-575.0,0.01
1734,-837.5,0.01
1735,-359.5,0.01
1736,-535.5,0.01
1737,-423.5,0.01
1738,-408.0,0.01
1739,-432.5,0.01
1740,-486.0,0.01
1741,-168.0,0.01
1742,-390.5,0.01
1743,-291.5,0.01
1744,-447.0,0.01
1745,-395.0,0.01
1746,-520.5,0.01
1747,-482.0,0.01
1748,-488.0,0.01
1749,-393.5,0.01
1750,-523.0,0.01
1751,-521.5,0.01
1752,-476.0,0.01
1753,-558.5,0.01
1754,-496.0,0.01
1755,-375.0,0.01
1756,-420.5,0.01
1757,-419.5,0.01
1758,-491.0,0.01
1759,-512.0,0.01
1760,-582.5,0.01
1761,-518.5,0.01
1762,-519.5,0.01
1763,-387.0,0.01
1764,-631.5,0.01
1765,-536.5,0.01
1766,-841.0,0.01
1767,-511.0,0.01
1768,-526.0,0.01
1769,-447.0,0.01
1770,-495.5,0.01
1771,-498.5,0.01
1772,-559.0,0.01
1773,-368.0,0.01
1774,-572.5,0.01
1775,-535.0,0.01
1776,-385.5,0.01
1777,-454.0,0.01
1778,-417.0,0.01
1779,-586.0,0.01
1780,-269.0,0.01
1781,-479.5,0.01
1782,-316.5,0.01
1783,-673.0,0.01
1784,-503.5,0.01
1785,-607.0,0.01
1786,-321.5,0.01
1787,-410.0,0.01
1788,-552.0,0.01
1789,-359.5,0.01
1790,-265.0,0.01
1791,-637.0,0.01
1792,-544.0,0.01
1793,-525.0,0.01
1794,-523.5,0.01
1795,-294.5,0.01
1796,-377.0,0.01
1797,-487.5,0.01
1798,-420.0,0.01
1799,-404.0,0.01
1800,-552.0,0.01
1801,-596.0,0.01
1802,-479.0,0.01
1803,-322.0,0.01
1804,-412.0,0.01
1805,-318.0,0.01
1806,-261.5,0.01
1807,-470.0,0.01
1808,-584.0,0.01
1809,-477.5,0.01
1810,-487.5,0.01
1811,-506.5,0.01
1812,-654.5,0.01
1813,-482.5,0.01
1814,-545.0,0.01
1815,-509.0,0.01
1816,-543.5,0.01
1817,-625.5,0.01
1818,-496.5,0.01
1819,-513.0,0.01
1820,-423.5,0.01
1821,-211.0,0.01
1822,-611.5,0.01
1823,-409.0,0.01
1824,-287.5,0.01
1825,-451.0,0.01
1826,-461.5,0.01
1827,-580.0,0.01
1828,-378.0,0.01
1829,-331.0,0.01
1830,-399.0,0.01
1831,-484.0,0.01
1832,-459.0,0.01
1833,-551.0,0.01
1834,-431.5,0.01
1835,-306.0,0.01
1836,-576.5,0.01
1837,-422.0,0.01
1838,-534.0,0.01
1839,-556.5,0.01
1840,-442.5,0.01
1841,-504.5,0.01
1842,-615.5,0.01
1843,-417.0,0.01
1844,-395.0,0.01
1845,-491.0,0.01
1846,-604.0,0.01
1847,-482.0,0.01
1848,-481.0,0.01
1849,-697.5,0.01
1850,-254.5,0.01
1851,-436.5,0.01
1852,-429.0,0.01
1853,-415.5,0.01
1854,-481.5,0.01
1855,-588.0,0.01
1856,-472.5,0.01
1857,-384.0,0.01
1858,-582.5,0.01
1859,-655.0,0.01
1860,-584.0,0.01
1861,-472.0,0.01
1862,-606.5,0.01
1863,-604.0,0.01
1864,-651.5,0.01
1865,-630.0,0.01
1866,-666.5,0.01
1867,-543.5,0.01
1868,-587.5,0.01
1869,-461.0,0.01
1870,-439.0,0.01
1871,-614.5,0.01
1872,-477.5,0.01
1873,-439.5,0.01
1874,-502.5,0.01
1875,-491.5,0.01
1876,-612.0,0.01
1877,-525.0,0.01
1878,-461.5,0.01
1879,-648.0,0.01
1880,-424.0,0.01
1881,-395.5,0.01
1882,-571.0,0.01
1883,-508.0,0.01
1884,-606.0,0.01
1885,-357.5,0.01
1886,-527.0,0.01
1887,-330.5,0.01
1888,-349.0,0.01
1889,-355.5,0.01
1890,-491.0,0.01
1891,-385.5,0.01
1892,-639.5,0.01
1893,-499.0,0.01
1894,-551.0,0.01
1895,-459.5,0.01
1896,-433.5,0.01
1897,-601.0,0.01
1898,-294.5,0.01
1899,-386.0,0.01
1900,-441.0,0.01
1901,-333.0,0.01
1902,-597.5,0.01
1903,-435.5,0.01
1904,-509.5,0.01
1905,-244.5,0.01
1906,-353.5,0.01
1907,-443.5,0.01
1908,-601.5,0.01
1909,-618.5,0.01
1910,-520.0,0.01
1911,-353.5,0.01
1912,-609.0,0.01
1913,-429.5,0.01
1914,-549.5,0.01
1915,-541.5,0.01
1916,-526.0,0.01
1917,-494.0,0.01
1918,-315.5,0.01
1919,-411.0,0.01
1920,-441.0,0.01
1921,-326.0,0.01
1922,-465.5,0.01
1923,-558.0,0.01
1924,-451.0,0.01
1925,-503.5,0.01
1926,-447.0,0.01
1927,-561.0,0.01
1928,-462.5,0.01
1929,-415.5,0.01
1930,-274.0,0.01
1931,-574.5,0.01
1932,-428.5,0.01
1933,-493.0,0.01
1934,-395.0,0.01
1935,-589.5,0.01
1936,-597.5,0.01
1937,-399.5,0.01
1938,-400.0,0.01
1939,-564.0,0.01
1940,-409.0,0.01
1941,-456.5,0.01
1942,-504.5,0.01
1943,-462.5,0.01
1944,-432.0,0.01
1945,-502.5,0.01
1946,-573.0,0.01
1947,-408.0,0.01
1948,-477.5,0.01
1949,-410.5,0.01
1950,-227.5,0.01
1951,-522.0,0.01
1952,-380.0,0.01
1953,-480.0,0.01
1954,-431.0,0.01
1955,-618.5,0.01
1956,-421.5,0.01
1957,-399.0,0.01
1958,-450.5,0.01
1959,-587.5,0.01
1960,-416.5,0.01
1961,-579.0,0.01
1962,-260.5,0.01
1963,-321.0,0.01
1964,-497.5,0.01
1965,-447.0,0.01
1966,-445.5,0.01
1967,-609.0,0.01
1968,-495.0,0.01
1969,-475.0,0.01
1970,-314.5,0.01
1971,-559.5,0.01
1972,-504.5,0.01
1973,-459.0,0.01
1974,-527.0,0.01
1975,-590.0,0.01
1976,-569.5,0.01
1977,-559.0,0.01
1978,-360.5,0.01
1979,-564.5,0.01
1980,-366.5,0.01
1981,-456.5,0.01
1982,-381.0,0.01
1983,-449.0,0.01
1984,-476.5,0.01
1985,-641.5,0.01
1986,-380.5,0.01
1987,-510.0,0.01
1988,-341.5,0.01
1989,-459.0,0.01
1990,-442.0,0.01
1991,-331.0,0.01
1992,-529.0,0.01
1993,-741.0,0.01
1994,-421.0,0.01
1995,-649.5,0.01
1996,-526.5,0.01
1997,-603.5,0.01
1998,-484.0,0.01
1999,-552.5,0.01
2000,-494.5,0.01
