episode,score
1,-7319.5
2,-5142.5
3,-11012.0
4,-9861.0
5,-6743.0
6,-5352.5
7,-4267.0
8,-10194.5
9,-2837.0
10,-4315.5
11,-4178.5
12,-4744.0
13,-5601.5
14,-4140.5
15,-5745.0
16,-841.0
17,-10280.5
18,-7105.5
19,-7602.0
20,-4307.5
21,-4624.0
22,-3197.5
23,-3212.5
24,-3031.5
25,-3333.0
26,-2411.5
27,-2841.5
28,-6152.0
29,-2039.5
30,-3629.0
31,-6596.5
32,-3434.5
33,-4512.0
34,-4047.0
35,-2771.0
36,-3301.5
37,-4310.0
38,473.5
39,-4624.5
40,-6312.5
41,-2409.5
42,-1243.5
43,-1305.0
44,-2937.0
45,-2850.5
46,-1595.0
47,-2824.0
48,-2882.5
49,-2815.5
50,-4703.0
51,-1961.5
52,-949.0
53,-1369.0
54,-3327.5
55,-3417.5
56,-1164.0
57,-2090.5
58,-1870.0
59,684.5
60,-2599.0
61,-217.0
62,-1090.5
63,-334.0
64,-1550.5
65,-1950.0
66,-1871.0
67,-1159.5
68,-226.0
69,-655.0
70,-272.5
71,-236.0
72,-929.0
73,-1107.0
74,-481.0
75,-2219.0
76,-1324.5
77,-1826.0
78,-3466.0
79,-1256.0
80,-1297.5
81,-1144.5
82,-1597.5
83,-989.0
84,-3244.0
85,-2151.0
86,-1222.0
87,-1262.0
88,-1121.5
89,-674.0
90,100.0
91,-1050.5
92,-1778.0
93,-1703.5
94,-1658.0
95,-3459.5
96,-1482.0
97,-2053.5
98,-2146.0
99,-1861.5
100,-2017.0
101,-4209.0
102,-1634.5
103,-2835.5
104,-2123.0
105,-1739.0
106,-3824.5
107,-1242.0
108,-1157.5
109,-2403.5
110,-1301.0
111,-2537.5
112,-2490.5
113,-966.0
114,-1854.0
115,-1875.0
116,-1030.0
117,-1626.5
118,-575.0
119,-784.0
120,-2709.0
121,-280.5
122,-1509.0
123,-198.0
124,-1439.0
125,-1029.0
126,-75.0
127,-503.5
128,-104.5
129,331.0
130,-757.5
131,-603.0
132,-1030.0
133,400.5
134,-230.5
135,-922.0
136,-156.5
137,-326.5
138,-1129.0
139,-386.0
140,-1180.0
141,-489.5
142,-907.0
143,-1886.5
144,-498.0
145,286.0
146,-1063.5
147,-551.5
148,-575.0
149,-1412.0
150,-1790.5
151,-98.0
152,242.0
153,-1036.5
154,-587.5
155,-1620.0
156,-1621.0
157,-810.5
158,523.5
159,-877.0
160,-399.0
161,-1215.0
162,-1028.0
163,959.0
164,785.0
165,-963.5
166,863.5
167,723.5
168,1278.0
169,1184.0
170,444.5
171,188.0
172,287.0
173,1402.5
174,-210.5
175,-447.5
176,424.0
177,724.0
178,1635.5
179,-399.5
180,307.5
181,960.0
182,594.5
183,239.5
184,281.0
185,-124.5
186,-1008.5
187,1330.5
188,323.5
189,462.0
190,-696.0
191,59.0
192,-1187.5
193,-1099.5
194,-793.0
195,-2678.5
196,1031.0
197,-306.0
198,427.5
199,1118.5
200,129.0
201,973.0
202,682.0
203,774.5
204,776.5
205,274.5
206,1191.5
207,1001.5
208,-139.0
209,246.5
210,174.5
211,323.5
212,-1559.0
213,574.5
214,-1053.0
215,-579.5
216,344.5
217,-1321.0
218,-300.5
219,-2001.0
220,-455.5
221,-598.5
222,-31.0
223,-27.5
224,-318.5
225,-133.5
226,500.0
227,211.5
228,151.0
229,572.0
230,620.0
231,715.5
232,-182.5
233,544.0
234,-1894.5
235,105.5
236,-518.0
237,27.5
238,310.0
239,-897.5
240,933.0
241,-1034.0
242,-438.0
243,-1926.0
244,-1473.5
245,-366.0
246,-620.5
247,-2401.0
248,-698.5
249,72.5
250,-696.0
251,-794.5
252,-717.5
253,-703.0
254,-1011.0
255,-1152.5
256,-1435.5
257,-672.0
258,238.0
259,-932.0
260,-1649.5
261,306.5
262,-612.5
263,-377.5
264,-63.0
265,-1056.0
266,-182.5
267,260.0
268,715.5
269,-1593.0
270,-693.5
271,-544.5
272,-993.5
273,-1172.0
274,455.0
275,-1166.0
276,-385.5
277,-43.5
278,-1108.0
279,-982.5
280,504.0
281,-846.5
282,72.5
283,310.0
284,537.0
285,967.0
286,606.0
287,249.0
288,-1213.0
289,-2186.5
290,-331.0
291,-683.0
292,172.0
293,-1238.0
294,-969.0
295,-429.5
296,-1182.0
297,-969.0
298,-654.5
299,475.0
300,-478.0
301,-894.0
302,-1269.0
303,-675.5
304,-597.5
305,6.5
306,-463.0
307,-2806.0
308,257.5
309,89.5
310,-1804.5
311,-1155.0
312,-1777.0
313,-2120.0
314,-1724.0
315,-3640.5
316,-39.5
317,-1445.5
318,-370.0
319,-1662.0
320,-1429.5
321,-789.5
322,-1226.5
323,-1688.0
324,-3744.5
325,-398.0
326,-1392.0
327,-2539.0
328,-969.0
329,-1914.5
330,-1520.0
331,-974.5
332,-2388.0
333,-1548.0
334,-2106.0
335,-1737.0
336,-608.0
337,905.0
338,-1288.0
339,1563.5
340,-130.0
341,-568.5
342,-565.0
343,-5.0
344,395.0
345,-295.5
346,411.5
347,-557.5
348,-36.0
349,38.0
350,145.0
351,1127.0
352,-189.5
353,1425.5
354,236.0
355,846.5
356,990.0
357,-481.5
358,-1700.0
359,135.0
360,-267.0
361,400.0
362,1651.0
363,774.5
364,963.5
365,550.5
366,-276.0
367,924.5
368,1017.0
369,925.0
370,-116.5
371,-568.0
372,-1172.5
373,2027.0
374,1407.5
375,750.5
376,904.0
377,1444.5
378,273.0
379,218.0
380,849.5
381,-1077.0
382,959.5
383,57.5
384,-94.5
385,1386.5
386,302.0
387,-1139.5
388,162.5
389,38.5
390,-1023.5
391,952.5
392,608.0
393,790.5
394,817.5
395,159.5
396,-1690.5
397,550.5
398,4.5
399,1342.0
400,1470.5
401,1152.0
402,794.0
403,-958.5
404,1256.5
405,1067.5
406,180.5
407,1262.0
408,1845.0
409,683.5
410,-390.5
411,1883.5
412,640.5
413,1478.5
414,736.0
415,569.5
416,1847.0
417,887.0
418,530.0
419,1306.0
420,1589.5
421,2297.0
422,961.0
423,1723.0
424,1587.5
425,1371.5
426,2009.5
427,1092.0
428,2368.5
429,2110.5
430,139.5
431,92.5
432,1664.0
433,1151.0
434,2493.5
435,1484.0
436,668.0
437,2278.0
438,1874.0
439,1849.0
440,1292.5
441,1268.0
442,866.5
443,1483.0
444,539.0
445,2084.0
446,417.5
447,562.0
448,1148.5
449,1329.0
450,669.5
451,1403.0
452,225.0
453,206.5
454,938.0
455,749.0
456,707.5
457,1464.0
458,461.5
459,1563.0
460,80.0
461,414.0
462,691.0
463,384.0
464,718.5
465,1051.0
466,717.5
467,-120.5
468,482.0
469,957.0
470,858.0
471,1885.5
472,-6.0
473,924.5
474,1381.0
475,647.0
476,1240.5
477,1098.0
478,2264.0
479,997.0
480,432.5
481,2763.0
482,1704.5
483,748.0
484,1574.0
485,2032.0
486,1998.0
487,1774.5
488,2807.5
489,2147.5
490,1851.5
491,1808.5
492,1128.5
493,2476.0
494,2501.0
495,2111.5
496,1759.5
497,1856.5
498,2299.5
499,2014.5
500,2591.0
501,1495.5
502,2100.0
503,1976.5
504,1951.0
505,1757.0
506,1571.0
507,2158.0
508,1496.0
509,2798.5
510,2091.0
511,2231.0
512,1101.0
513,2155.5
514,2690.0
515,1558.0
516,2363.0
517,2054.5
518,1876.0
519,2904.0
520,2579.0
521,2237.0
522,1538.5
523,2232.5
524,1088.5
525,1888.0
526,2108.5
527,2952.0
528,2123.0
529,2241.5
530,2966.5
531,1196.0
532,1633.5
533,2119.5
534,2562.5
535,1460.0
536,1785.5
537,1588.0
538,2065.5
539,1646.0
540,1918.0
541,1829.0
542,1595.5
543,3177.0
544,1757.5
545,1370.5
546,2215.5
547,2425.0
548,1932.0
549,2538.5
550,2803.5
551,1335.0
552,1216.5
553,1364.0
554,1943.5
555,1534.5
556,539.5
557,1232.0
558,1686.0
559,716.0
560,2025.5
561,1718.0
562,1867.5
563,2085.5
564,1497.5
565,835.0
566,1525.5
567,1521.0
568,2046.5
569,1870.0
570,583.5
571,1710.0
572,1345.5
573,2375.5
574,1680.0
575,1790.0
576,1153.5
577,719.5
578,1098.5
579,1643.0
580,2407.0
581,722.5
582,-18.0
583,831.0
584,1106.0
585,192.0
586,2405.0
587,2235.0
588,2052.0
589,1304.0
590,1679.5
591,2084.5
592,1360.5
593,2068.5
594,1541.5
595,2664.5
596,1915.0
597,1609.0
598,2181.5
599,1817.5
600,1466.5
601,1325.5
602,1909.5
603,786.0
604,2094.0
605,3124.0
606,940.0
607,1737.5
608,286.0
609,2615.0
610,625.0
611,1770.5
612,2895.0
613,2488.5
614,1881.5
615,2315.0
616,1836.0
617,2050.5
618,1870.5
619,1787.5
620,2850.0
621,1704.0
622,2433.0
623,2803.5
624,2502.0
625,2460.0
626,2715.5
627,3140.5
628,2106.5
629,2753.5
630,2013.0
631,2918.0
632,2368.5
633,2710.5
634,3683.5
635,2864.0
636,2436.5
637,3418.5
638,1801.5
639,2656.0
640,3079.5
641,2261.0
642,3261.5
643,2560.5
644,2794.0
645,2690.5
646,2703.0
647,3447.0
648,2511.5
649,2946.5
650,2194.5
651,3036.0
652,2821.5
653,1826.0
654,1359.5
655,1622.5
656,1819.5
657,2942.0
658,2382.0
659,2382.0
660,2936.0
661,2001.0
662,1846.5
663,1809.0
664,2518.5
665,1862.0
666,995.5
667,1177.5
668,1645.0
669,2044.0
670,2220.0
671,949.5
672,1042.0
673,1735.5
674,568.0
675,1843.0
676,2206.0
677,2114.0
678,643.0
679,968.0
680,2104.0
681,2025.5
682,1859.5
683,268.0
684,1140.0
685,1866.5
686,1610.5
687,1328.5
688,1233.0
689,911.5
690,926.0
691,2065.5
692,1173.5
693,2065.0
694,825.0
695,25.5
696,353.5
697,1391.5
698,1462.0
699,-66.0
700,1292.0
701,1715.0
702,1872.0
703,1562.5
704,2430.5
705,1312.5
706,1582.5
707,812.0
708,2209.0
709,2058.0
710,2226.5
711,936.0
712,337.5
713,517.0
714,340.0
715,318.5
716,1396.0
717,1655.5
718,999.0
719,1278.5
720,1069.5
721,891.5
722,2120.0
723,194.5
724,1352.0
725,62.5
726,2892.0
727,2053.0
728,2080.0
729,1826.5
730,1552.5
731,1137.0
732,1713.5
733,1697.5
734,1485.0
735,769.5
736,2687.0
737,2439.0
738,2212.0
739,974.0
740,1982.0
741,1638.5
742,1932.5
743,1247.5
744,1551.5
745,1633.5
746,336.5
747,915.0
748,1387.0
749,1390.5
750,-759.0
751,1562.0
752,1541.0
753,1794.0
754,1061.0
755,2654.0
756,2610.0
757,648.5
758,2146.5
759,1600.0
760,1714.0
761,1731.0
762,1522.5
763,1513.0
764,624.5
765,1746.5
766,2446.5
767,1719.5
768,698.0
769,1922.0
770,1861.0
771,1688.5
772,2255.0
773,1217.0
774,873.0
775,2192.0
776,1776.0
777,2125.0
778,2265.5
779,2268.0
780,2188.0
781,2243.5
782,2200.5
783,1570.5
784,3021.5
785,2790.5
786,2473.5
787,2545.0
788,2170.5
789,1755.5
790,3091.5
791,2703.5
792,2610.0
793,1667.5
794,2331.5
795,2535.5
796,2648.0
797,2284.5
798,2278.0
799,2178.0
800,2673.5
801,2297.0
802,2193.0
803,1826.0
804,2812.0
805,2045.5
806,2312.0
807,1584.0
808,1535.0
809,2056.5
810,2302.0
811,2662.5
812,1677.5
813,2730.5
814,1754.5
815,1799.5
816,2432.5
817,2485.0
818,2217.5
819,3165.5
820,3080.5
821,3018.5
822,2263.5
823,2599.0
824,2161.5
825,2979.5
826,3275.0
827,1920.0
828,2830.5
829,1573.5
830,1950.5
831,2205.0
832,3168.5
833,2299.5
834,2941.0
835,2216.0
836,1672.0
837,2639.0
838,2342.5
839,2661.5
840,2396.5
841,2199.5
842,2210.0
843,1888.0
844,2098.5
845,2774.0
846,2371.0
847,1206.0
848,2516.0
849,1856.5
850,2858.5
851,2035.0
852,2006.5
853,2492.5
854,1873.0
855,1362.5
856,1590.0
857,1451.0
858,2323.0
859,2326.0
860,3399.5
861,2211.5
862,2912.0
863,2969.0
864,2201.5
865,2453.5
866,2101.5
867,3052.5
868,1394.5
869,2278.0
870,2764.5
871,2371.5
872,2593.5
873,1793.5
874,2401.0
875,785.0
876,1549.5
877,1380.5
878,2624.5
879,2029.5
880,1202.5
881,1525.5
882,2015.5
883,2192.0
884,1808.0
885,1572.5
886,1717.0
887,1560.5
888,1766.0
889,1702.5
890,1402.0
891,-692.0
892,1466.0
893,297.5
894,-568.5
895,1464.0
896,-508.0
897,-268.0
898,815.5
899,1407.0
900,1086.5
901,1202.5
902,69.5
903,-795.0
904,1426.5
905,135.5
906,659.5
907,563.0
908,37.0
909,-1436.5
910,-196.0
911,-172.0
912,526.0
913,-57.0
914,448.5
915,-1223.0
916,-107.5
917,-880.5
918,-199.0
919,-2130.0
920,-2968.5
921,-1274.5
922,-1271.5
923,-1578.5
924,-1391.5
925,-553.0
926,444.0
927,271.0
928,-467.0
929,-822.0
930,-102.0
931,-168.5
932,1660.5
933,167.0
934,1216.5
935,-143.0
936,-673.0
937,996.0
938,1121.0
939,-849.0
940,1663.5
941,1094.5
942,311.0
943,1412.5
944,1695.5
945,1377.0
946,1009.5
947,1205.0
948,889.5
949,1388.0
950,2022.0
951,1112.5
952,2690.0
953,2089.5
954,1170.5
955,1856.5
956,1371.0
957,2007.0
958,2381.5
959,1916.5
960,2034.0
961,2301.5
962,1507.5
963,2271.5
964,755.0
965,1847.5
966,2087.5
967,1877.0
968,2458.5
969,2166.0
970,2871.0
971,2309.0
972,2365.5
973,2247.5
974,2358.5
975,2045.0
976,2827.5
977,2292.5
978,3045.5
979,2340.0
980,2363.5
981,2867.0
982,2965.5
983,2296.0
984,2618.0
985,3010.0
986,2606.0
987,1937.5
988,2766.5
989,2281.0
990,2174.5
991,1592.5
992,2338.0
993,2616.0
994,3322.0
995,2885.5
996,1577.0
997,1819.5
998,1933.0
999,2218.5
1000,2218.5
1001,1599.0
1002,1810.0
1003,1587.5
1004,1108.0
1005,1015.0
1006,1774.0
1007,1306.0
1008,1082.0
1009,1432.0
1010,-194.0
1011,-102.5
1012,-1621.5
1013,-926.5
1014,819.5
1015,-205.5
1016,70.0
1017,1849.0
1018,-1423.5
1019,-10.5
1020,-581.0
1021,-58.5
1022,-954.5
1023,-424.5
1024,-1604.0
1025,-691.5
1026,-728.5
1027,148.5
1028,-389.5
1029,96.5
1030,-576.5
1031,-4806.0
1032,-3429.5
1033,140.0
1034,-2186.5
1035,-3190.0
1036,167.0
1037,-859.0
1038,-1053.0
1039,-1418.0
1040,-2262.5
1041,-2317.5
1042,-736.5
1043,-3370.5
1044,-3071.0
1045,-1720.0
1046,-3963.0
1047,-1143.5
1048,-2438.5
1049,-396.5
1050,-65.5
1051,35.0
1052,-353.5
1053,-1797.0
1054,221.0
1055,696.0
1056,11.0
1057,-1081.5
1058,-998.5
1059,505.0
1060,-131.0
1061,-32.0
1062,912.0
1063,1088.5
1064,157.0
1065,-1983.5
1066,672.5
1067,1040.5
1068,1651.5
1069,369.0
1070,643.0
1071,570.5
1072,870.5
1073,1188.0
1074,2037.5
1075,47.5
1076,1285.5
1077,1808.0
1078,660.0
1079,2256.0
1080,1464.5
1081,1958.5
1082,138.5
1083,1904.0
1084,957.0
1085,1228.0
1086,2269.5
1087,1580.5
1088,2466.0
1089,1339.5
1090,2478.0
1091,2929.0
1092,2173.5
1093,2024.5
1094,1105.0
1095,1944.5
1096,1662.5
1097,1437.0
1098,2081.5
1099,1947.0
1100,2545.5
1101,2052.0
1102,2509.5
1103,1713.0
1104,204.5
1105,2288.0
1106,1379.0
1107,1326.5
1108,1956.0
1109,1019.0
1110,1780.5
1111,1751.5
1112,1142.0
1113,2039.0
1114,388.5
1115,1262.5
1116,2452.0
1117,2120.0
1118,2071.0
1119,1479.5
1120,1027.0
1121,1973.5
1122,1348.5
1123,2705.5
1124,1014.0
1125,654.5
1126,1423.5
1127,2514.5
1128,1889.5
1129,1264.5
1130,2724.5
1131,2446.5
1132,1319.5
1133,1949.5
1134,1923.0
1135,1913.5
1136,1082.0
1137,1710.5
1138,2021.5
1139,2486.5
1140,2230.5
1141,1703.5
1142,1606.0
1143,1928.5
1144,2077.5
1145,2973.5
1146,2469.0
1147,1977.5
1148,1635.0
1149,2815.0
1150,2215.0
1151,2867.5
1152,2298.0
1153,1812.0
1154,3222.0
1155,2150.0
1156,3078.0
1157,2203.5
1158,2952.0
1159,2301.5
1160,3420.5
1161,3002.0
1162,3591.5
1163,2137.5
1164,2209.0
1165,2670.5
1166,3116.5
1167,3409.5
1168,2865.0
1169,2585.5
1170,2184.0
1171,1662.0
1172,2698.5
1173,3270.0
1174,3115.5
1175,2527.0
1176,2080.5
1177,1877.5
1178,1954.5
1179,2670.5
1180,1883.0
1181,2861.5
1182,2236.5
1183,3002.5
1184,2368.0
1185,2954.0
1186,2828.0
1187,1600.0
1188,1938.0
1189,2135.5
1190,2715.0
1191,2375.5
1192,2656.0
1193,2533.0
1194,1502.0
1195,2259.5
1196,2209.0
1197,2056.0
1198,2541.0
1199,1869.5
1200,2467.0
1201,2289.5
1202,999.5
1203,2390.5
1204,1384.0
1205,2519.0
1206,2300.0
1207,1342.0
1208,1696.0
1209,1273.5
1210,1700.0
1211,1384.5
1212,1519.0
1213,1918.5
1214,2648.0
1215,1095.5
1216,1718.5
1217,1600.5
1218,1011.0
1219,2567.5
1220,1460.5
1221,1328.0
1222,3182.0
1223,1560.0
1224,735.0
1225,1980.5
1226,1582.5
1227,2354.0
1228,2777.0
1229,1710.5
1230,1448.5
1231,2825.0
1232,2313.0
1233,2062.0
1234,1564.5
1235,2541.5
1236,2300.0
1237,2248.5
1238,2510.0
1239,2339.0
1240,2588.0
1241,1211.5
1242,2479.0
1243,1817.5
1244,1304.5
1245,2818.5
1246,2087.0
1247,2179.0
1248,2461.5
1249,2837.5
1250,2276.5
1251,1770.5
1252,2908.0
1253,1555.0
1254,1849.0
1255,2584.5
1256,2912.5
1257,2425.0
1258,1755.0
1259,1899.0
1260,2228.5
1261,2254.5
1262,2631.0
1263,1653.0
1264,1995.5
1265,2311.5
1266,928.0
1267,1045.5
1268,2441.5
1269,2712.5
1270,1756.5
1271,1902.5
1272,2602.0
1273,2122.0
1274,2144.0
1275,2765.0
1276,2912.0
1277,1642.0
1278,2390.5
1279,2236.0
1280,3088.0
1281,1747.0
1282,3110.0
1283,2952.5
1284,3387.0
1285,2163.5
1286,2811.0
1287,2931.0
1288,3216.5
1289,3273.0
1290,2643.5
1291,2461.0
1292,2374.0
1293,2591.5
1294,2735.0
1295,1975.0
1296,3149.5
1297,2574.5
1298,2756.0
1299,1473.0
1300,2854.0
1301,2453.5
1302,2685.0
1303,2742.0
1304,2785.5
1305,3127.5
1306,2884.0
1307,1636.0
1308,1957.5
1309,1626.0
1310,2024.5
1311,1661.0
1312,2594.0
1313,2280.5
1314,1864.0
1315,2710.0
1316,2036.0
1317,1163.0
1318,1713.0
1319,2354.5
1320,1203.5
1321,2267.5
1322,2000.0
1323,2091.5
1324,2590.0
1325,1879.5
1326,1099.0
1327,2060.5
1328,1703.0
1329,2104.0
1330,2505.5
1331,1266.5
1332,1512.0
1333,2219.5
1334,1990.0
1335,2899.5
1336,1619.5
1337,1062.5
1338,1913.5
1339,2098.5
1340,2103.5
1341,1582.5
1342,2215.0
1343,1363.0
1344,1517.0
1345,2569.0
1346,1926.0
1347,2553.0
1348,1611.0
1349,1925.5
1350,1150.0
1351,2310.5
1352,1545.5
1353,2343.5
1354,1899.5
1355,2818.0
1356,2543.0
1357,2868.0
1358,1089.0
1359,1449.5
1360,2068.0
1361,1797.0
1362,3038.0
1363,1752.0
1364,3335.5
1365,2981.5
1366,3052.5
1367,2874.0
1368,1964.0
1369,3031.0
1370,2920.0
1371,2291.0
1372,1997.0
1373,2055.0
1374,1601.0
1375,1779.5
1376,1074.5
1377,1173.0
1378,802.0
1379,2549.5
1380,2533.0
1381,1451.0
1382,855.0
1383,1213.0
1384,1859.5
1385,1185.5
1386,456.0
1387,1490.5
1388,2842.5
1389,1533.5
1390,3.0
1391,589.0
1392,1693.5
1393,1627.0
1394,1256.5
1395,1493.5
1396,1709.0
1397,574.0
1398,1122.5
1399,377.0
1400,833.0
1401,1392.0
1402,2835.0
1403,637.5
1404,1980.0
1405,2912.5
1406,725.0
1407,2024.0
1408,2111.5
1409,1824.0
1410,2066.0
1411,1694.5
1412,1718.5
1413,2840.0
1414,2142.0
1415,2448.5
1416,1139.5
1417,2446.0
1418,2145.0
1419,1718.5
1420,2811.0
1421,2884.5
1422,2460.5
1423,2888.5
1424,1903.0
1425,1446.5
1426,2253.5
1427,2603.0
1428,1667.5
1429,2124.5
1430,2278.0
1431,3580.0
1432,2786.0
1433,2038.0
1434,2359.5
1435,2193.0
1436,2475.0
1437,2482.5
1438,2501.0
1439,2321.5
1440,3034.0
1441,2050.0
1442,2289.5
1443,2546.5
1444,2835.5
1445,2538.0
1446,2038.0
1447,2810.0
1448,2332.5
1449,2009.5
1450,2739.0
1451,1960.0
1452,1145.5
1453,2012.5
1454,2207.0
1455,1087.5
1456,2408.0
1457,1307.5
1458,1446.0
1459,2200.0
1460,1984.5
1461,687.5
1462,3494.5
1463,1653.0
1464,1025.5
1465,2451.5
1466,2285.0
1467,1048.0
1468,1814.5
1469,2014.5
1470,2706.5
1471,2756.0
1472,3381.5
1473,2749.5
1474,1455.0
1475,1632.5
1476,2144.0
1477,2576.0
1478,2539.0
1479,3483.0
1480,2612.5
1481,3058.5
1482,2349.5
1483,2579.5
1484,2879.5
1485,2668.5
1486,1999.0
1487,2651.0
1488,2462.0
1489,3208.5
1490,1902.5
1491,2535.5
1492,1747.0
1493,2553.0
1494,1931.5
1495,2333.0
1496,2140.5
1497,2694.0
1498,2153.5
1499,2371.0
1500,1688.5
1501,2190.5
1502,2237.5
1503,2467.0
1504,2284.5
1505,1869.0
1506,2626.0
1507,2021.0
1508,2507.5
1509,2705.5
1510,2002.0
1511,2784.0
1512,3003.5
1513,2625.0
1514,1916.0
1515,2365.5
1516,2542.5
1517,1786.0
1518,2488.0
1519,1459.5
1520,2451.0
1521,2308.0
1522,2350.5
1523,1849.5
1524,1999.0
1525,2248.0
1526,2101.0
1527,2567.0
1528,2425.0
1529,1848.5
1530,2939.5
1531,2915.0
1532,2729.0
1533,1771.5
1534,1993.0
1535,2120.0
1536,2401.5
1537,2632.5
1538,1904.0
1539,3232.5
1540,2332.0
1541,2872.5
1542,2816.5
1543,2388.5
1544,2330.0
1545,3012.5
1546,2176.5
1547,2616.0
1548,2214.0
1549,2144.5
1550,2513.5
1551,2532.5
1552,2058.5
1553,2051.0
1554,2553.5
1555,1785.5
1556,2110.5
1557,1975.5
1558,1801.5
1559,1788.5
1560,1958.5
1561,2244.5
1562,3107.5
1563,2410.0
1564,2492.5
1565,2604.5
1566,2391.0
1567,2398.0
1568,3020.5
1569,3119.5
1570,2626.0
1571,3105.5
1572,1485.0
1573,2658.5
1574,1752.0
1575,3562.0
1576,2609.0
1577,2213.0
1578,2075.0
1579,2272.5
1580,1998.5
1581,2295.5
1582,2286.0
1583,2772.0
1584,2971.5
1585,2052.0
1586,2251.0
1587,1876.5
1588,2450.5
1589,1656.0
1590,1643.0
1591,1623.5
1592,2472.0
1593,2230.5
1594,2810.5
1595,2290.5
1596,2609.5
1597,2817.0
1598,2704.0
1599,2229.0
1600,2398.5
1601,2686.0
1602,3100.5
1603,2335.5
1604,2685.0
1605,3064.5
1606,3060.5
1607,1879.5
1608,3413.5
1609,2835.0
1610,2654.5
1611,2868.0
1612,2701.0
1613,2483.5
1614,2187.5
1615,2202.5
1616,3056.5
1617,2705.5
1618,2858.5
1619,2962.5
1620,3141.0
1621,1646.0
1622,2782.0
1623,1519.5
1624,2861.5
1625,2857.0
1626,1965.0
1627,3083.0
1628,1145.0
1629,2450.0
1630,1279.0
1631,2298.0
1632,2374.5
1633,1956.0
1634,1351.0
1635,2058.5
1636,1512.5
1637,1935.0
1638,1338.5
1639,1866.5
1640,1274.0
1641,1496.5
1642,1691.5
1643,908.0
1644,2295.0
1645,971.0
1646,518.5
1647,1979.5
1648,1589.5
1649,1180.5
1650,63.0
1651,1639.5
1652,126.5
1653,1799.5
1654,535.0
1655,1600.5
1656,1756.0
1657,1144.0
1658,1788.5
1659,1420.5
1660,2196.5
1661,-649.0
1662,1537.5
1663,2129.5
1664,1192.0
1665,1560.0
1666,2012.0
1667,1029.0
1668,1891.5
1669,1442.5
1670,1805.5
1671,1960.5
1672,1169.0
1673,1882.0
1674,1506.5
1675,2066.5
1676,2067.5
1677,1616.5
1678,2043.0
1679,1383.0
1680,2618.5
1681,1237.0
1682,1595.0
1683,1369.5
1684,2876.0
1685,1989.0
1686,2603.0
1687,2284.0
1688,2599.0
1689,1661.5
1690,2429.5
1691,1989.5
1692,2140.5
1693,693.0
1694,1624.0
1695,2498.0
1696,1505.5
1697,2024.0
1698,3169.0
1699,2176.0
1700,1714.5
1701,2820.0
1702,3344.0
1703,1177.0
1704,2480.0
1705,1847.0
1706,2349.5
1707,2803.5
1708,2232.0
1709,2431.5
1710,1243.5
1711,3505.5
1712,2988.5
1713,3206.0
1714,2561.0
1715,2302.5
1716,2352.5
1717,1819.0
1718,2631.0
1719,2354.5
1720,1793.5
1721,3135.5
1722,2614.5
1723,3310.5
1724,2425.5
1725,2263.0
1726,1930.5
1727,2143.5
1728,2761.5
1729,1710.5
1730,3101.5
1731,1506.0
1732,1611.0
1733,2504.0
1734,2099.5
1735,2169.5
1736,1996.0
1737,1992.0
1738,2167.5
1739,2272.0
1740,2242.5
1741,1844.0
1742,2800.5
1743,2873.0
1744,1759.5
1745,2247.0
1746,1689.0
1747,1280.5
1748,1822.5
1749,1620.5
1750,1760.5
1751,1415.0
1752,1267.0
1753,1051.0
1754,3242.0
1755,1353.5
1756,1858.5
1757,728.5
1758,1950.5
1759,1592.5
1760,1966.5
1761,347.0
1762,1844.5
1763,1504.0
1764,1089.5
1765,2118.0
1766,1696.0
1767,2005.0
1768,2284.5
1769,2127.0
1770,2086.5
1771,2281.5
1772,1800.5
1773,1084.5
1774,2589.0
1775,2941.5
1776,2918.5
1777,2919.0
1778,1583.0
1779,2209.5
1780,2550.5
1781,2403.5
1782,2759.0
1783,1642.5
1784,2499.0
1785,2444.5
1786,2420.5
1787,2573.5
1788,2500.0
1789,2582.0
1790,2850.0
1791,3254.0
1792,3189.5
1793,2877.0
1794,2904.5
1795,2881.0
1796,3181.0
1797,2366.5
1798,2973.5
1799,2626.0
1800,3526.0
1801,2750.0
1802,2848.5
1803,3924.0
1804,3998.5
1805,2905.0
1806,3800.0
1807,3956.0
1808,3369.0
1809,3421.0
1810,3646.5
1811,3182.0
1812,3340.5
1813,3169.5
1814,3913.0
1815,3267.5
1816,4050.5
1817,3245.5
1818,3364.5
1819,3745.5
1820,3592.0
1821,2931.5
1822,3102.5
1823,3091.0
1824,2918.0
1825,2755.5
1826,3247.5
1827,2917.0
1828,2738.0
1829,2866.5
1830,2750.5
1831,2907.5
1832,3618.5
1833,2014.0
1834,3120.0
1835,3191.0
1836,2899.5
1837,2213.0
1838,3175.5
1839,2320.5
1840,3369.5
1841,2596.0
1842,3432.0
1843,2893.5
1844,2888.0
1845,3583.0
1846,2899.5
1847,1652.0
1848,2599.5
1849,2488.0
1850,3263.5
1851,3045.5
1852,2747.5
1853,2316.0
1854,2372.0
1855,2459.0
1856,1919.0
1857,2934.5
1858,1456.0
1859,2387.0
1860,2041.5
1861,2085.5
1862,2116.5
1863,3195.0
1864,2351.5
1865,2776.5
1866,1828.0
1867,2466.0
1868,2749.0
1869,1777.0
1870,2138.0
1871,1873.5
1872,2629.0
1873,2368.0
1874,2247.5
1875,2676.0
1876,1765.0
1877,1412.5
1878,2680.5
1879,2351.0
1880,2001.0
1881,2533.0
1882,2348.0
1883,2408.0
1884,2917.0
1885,2358.5
1886,2673.5
1887,2758.0
1888,2065.0
1889,2914.0
1890,2802.0
1891,3061.5
1892,2007.0
1893,2895.5
1894,2963.0
1895,3486.5
1896,2228.5
1897,2311.0
1898,1632.5
1899,2216.0
1900,1994.5
1901,2470.0
1902,2646.5
1903,2003.5
1904,2909.5
1905,2850.5
1906,2201.5
1907,1918.5
1908,2829.0
1909,1853.5
1910,1445.0
1911,2872.0
1912,2607.0
1913,1797.5
1914,2578.0
1915,3304.5
1916,3035.5
1917,2781.0
1918,3064.0
1919,3270.0
1920,2768.5
1921,3235.0
1922,2883.5
1923,3141.0
1924,3193.0
1925,2697.5
1926,2592.0
1927,3070.0
1928,2632.5
1929,2334.5
1930,3665.0
1931,3369.5
1932,3624.0
1933,2502.5
1934,3054.5
1935,3549.5
1936,3197.0
1937,2867.0
1938,3471.5
1939,3226.0
1940,3399.0
1941,2548.0
1942,3787.5
1943,2711.5
1944,2809.5
1945,3091.0
1946,2811.0
1947,3116.5
1948,3776.5
1949,2905.5
1950,2931.5
1951,3010.0
1952,3206.0
1953,2816.0
1954,3294.5
1955,3469.0
1956,3102.0
1957,2935.5
1958,3840.0
1959,2774.0
1960,2357.0
1961,2433.5
1962,3078.0
1963,3219.5
1964,3115.5
1965,3080.5
1966,3250.5
1967,3714.5
1968,3468.0
1969,2981.5
1970,2882.0
1971,3178.0
1972,2815.5
1973,3133.5
1974,2458.5
1975,2792.5
1976,3486.0
1977,3218.0
1978,3021.5
1979,3763.0
1980,3177.5
1981,3488.0
1982,3444.0
1983,2842.0
1984,3273.0
1985,3656.0
1986,3071.0
1987,2289.0
1988,3746.0
1989,2779.5
1990,3495.5
1991,3390.0
1992,2441.0
1993,3943.0
1994,3190.5
1995,3706.5
1996,3169.0
1997,2824.0
1998,3321.0
1999,2278.0
2000,3853.5
